-1,0,1,2,3,4,5,6,7,8,9,10,11
0,1.253641060462344,-0.47072241016576966,-0.47934163551176356,-0.07868358202862298,1.0,0.0,0.0,0.0,1.0,0.0,0.0,1.0
1,-0.47728355411799794,-0.47072241016576966,-0.47934163551176356,-0.3771449401344324,0.0,1.0,0.0,0.0,1.0,0.0,0.0,1.0
2,0.21508629171413882,-0.47072241016576966,-0.47934163551176356,-0.4748669654497216,0.0,0.0,1.0,0.0,1.0,0.0,0.0,1.0
3,-0.2464936055072857,0.3799231635348091,-0.47934163551176356,-0.476230259911263,0.0,0.0,1.0,0.0,1.0,0.0,0.0,1.0
4,-1.785093262912034,2.931859884636545,2.048741656965093,-0.02524937114193778,0.0,0.0,1.0,1.0,0.0,0.0,0.0,1.0
5,-0.40035357124776055,-0.47072241016576966,0.7847000107266648,4.138687090321111,1.0,0.0,0.0,0.0,1.0,1.0,0.0,0.0
6,1.2151760690272253,-0.47072241016576966,-0.47934163551176356,-0.11623194643548287,1.0,0.0,0.0,0.0,1.0,0.0,0.0,1.0
7,-0.015703656896573447,0.3799231635348091,-0.47934163551176356,-0.09368752333417438,0.0,1.0,0.0,0.0,1.0,1.0,0.0,0.0
8,-0.09263363976681087,-0.47072241016576966,-0.47934163551176356,-0.47542922813724997,0.0,0.0,1.0,0.0,1.0,0.0,0.0,1.0
9,-0.09263363976681087,-0.47072241016576966,-0.47934163551176356,0.056105418406258684,1.0,0.0,0.0,0.0,1.0,0.0,0.0,1.0
10,0.984386120416513,-0.47072241016576966,-0.47934163551176356,-0.3771449401344324,0.0,1.0,0.0,1.0,0.0,0.0,0.0,1.0
11,0.5228062231950885,0.3799231635348091,0.7847000107266648,-0.16244531801315662,0.0,0.0,1.0,0.0,1.0,0.0,0.0,1.0
12,0.29201627458437623,-0.47072241016576966,-0.47934163551176356,-0.39110522946518805,0.0,1.0,0.0,0.0,1.0,0.0,0.0,1.0
13,-0.9388634513394225,0.3799231635348091,-0.47934163551176356,-0.4916347171038209,0.0,0.0,1.0,0.0,1.0,0.0,0.0,1.0
14,-0.015703656896573447,-0.47072241016576966,-0.47934163551176356,-0.44453944035187326,0.0,0.0,1.0,0.0,1.0,0.0,0.0,1.0
15,1.5998259833784123,-0.47072241016576966,0.7847000107266648,-0.12682251075536644,0.0,1.0,0.0,1.0,0.0,0.0,0.0,1.0
16,0.44587624032485107,0.3799231635348091,-0.47934163551176356,1.105534064649266,1.0,0.0,0.0,1.0,0.0,0.0,0.0,1.0
17,0.6766661889355633,-0.47072241016576966,-0.47934163551176356,3.7536565339074235,1.0,0.0,0.0,1.0,0.0,1.0,0.0,0.0
18,0.3689462574546136,-0.47072241016576966,-0.47934163551176356,-0.3771449401344324,0.0,1.0,0.0,0.0,1.0,0.0,0.0,1.0
19,-0.9388634513394225,0.3799231635348091,-0.47934163551176356,0.4701002054562524,1.0,0.0,0.0,1.0,0.0,0.0,0.0,1.0
20,-1.400443348560847,2.931859884636545,2.048741656965093,-0.02524937114193778,0.0,0.0,1.0,1.0,0.0,0.0,0.0,1.0
21,2.446055794951024,-0.47072241016576966,-0.47934163551176356,-0.5073607423402734,0.0,0.0,1.0,0.0,1.0,0.0,0.0,1.0
22,0.061226325973663974,-0.47072241016576966,-0.47934163551176356,-0.4606659814753323,0.0,0.0,1.0,1.0,0.0,0.0,0.0,1.0
23,-1.7081632800417965,-0.47072241016576966,2.048741656965093,-0.1220086178826921,0.0,1.0,0.0,1.0,0.0,0.0,0.0,1.0
24,2.599915760691499,-0.47072241016576966,-0.47934163551176356,-0.4428545778464372,0.0,0.0,1.0,1.0,0.0,0.0,0.0,1.0
25,-0.7080735027287102,-0.47072241016576966,-0.47934163551176356,-0.4882649920929489,0.0,0.0,1.0,0.0,1.0,1.0,0.0,0.0
26,-0.09263363976681087,-0.47072241016576966,2.048741656965093,-0.1969455254530391,0.0,0.0,1.0,1.0,0.0,1.0,0.0,0.0
27,-0.015703656896573447,-0.47072241016576966,-0.47934163551176356,-0.44486100839576787,0.0,0.0,1.0,0.0,1.0,0.0,0.0,1.0
28,0.5228062231950885,0.3799231635348091,2.048741656965093,1.6832012093701876,1.0,0.0,0.0,0.0,1.0,0.0,0.0,1.0
29,-0.09263363976681087,-0.47072241016576966,-0.47934163551176356,-0.3490645402295484,0.0,0.0,1.0,0.0,1.0,1.0,0.0,0.0
30,1.5998259833784123,-0.47072241016576966,-0.47934163551176356,-0.4724600190133844,0.0,0.0,1.0,0.0,1.0,0.0,0.0,1.0
31,-0.16956362263704827,-0.47072241016576966,2.048741656965093,3.445086000768998,1.0,0.0,0.0,0.0,1.0,1.0,0.0,0.0
32,0.061226325973663974,-0.47072241016576966,-0.47934163551176356,-0.48786447620594237,0.0,0.0,1.0,0.0,1.0,0.0,0.0,1.0
33,0.29201627458437623,0.3799231635348091,-0.47934163551176356,1.105534064649266,1.0,0.0,0.0,1.0,0.0,0.0,1.0,0.0
34,-0.09263363976681087,-0.47072241016576966,-0.47934163551176356,-0.47871807974786107,0.0,0.0,1.0,0.0,1.0,0.0,1.0,0.0
35,-0.09263363976681087,2.0812143109359664,0.7847000107266648,-0.13709150703135536,0.0,0.0,1.0,1.0,0.0,0.0,0.0,1.0
36,-2.0928131943929835,2.0812143109359664,0.7847000107266648,-0.22165620034705105,0.0,0.0,1.0,0.0,1.0,0.0,0.0,1.0
37,-0.3234235883775231,0.3799231635348091,0.7847000107266648,-0.04980022479257691,0.0,1.0,0.0,1.0,0.0,0.0,0.0,1.0
38,1.6767559662486498,-0.47072241016576966,0.7847000107266648,0.5544242041283143,1.0,0.0,0.0,0.0,1.0,1.0,0.0,0.0
39,-0.3234235883775231,-0.47072241016576966,0.7847000107266648,-0.12682251075536644,0.0,1.0,0.0,1.0,0.0,0.0,0.0,1.0
40,-0.09263363976681087,-0.47072241016576966,-0.47934163551176356,-0.48786447620594237,0.0,0.0,1.0,0.0,1.0,0.0,0.0,1.0
41,-0.09263363976681087,-0.47072241016576966,-0.47934163551176356,-0.47542922813724997,0.0,0.0,1.0,0.0,1.0,0.0,0.0,1.0
42,-0.40035357124776055,-0.47072241016576966,-0.47934163551176356,-0.3771449401344324,0.0,1.0,0.0,1.0,0.0,0.0,0.0,1.0
43,-0.8619334684691851,0.3799231635348091,0.7847000107266648,-0.23826413075777755,0.0,0.0,1.0,0.0,1.0,0.0,0.0,1.0
44,-0.09263363976681087,-0.47072241016576966,-0.47934163551176356,-0.040172439047228226,1.0,0.0,0.0,0.0,1.0,0.0,0.0,1.0
45,-0.3234235883775231,-0.47072241016576966,-0.47934163551176356,-0.4917155905040818,0.0,0.0,1.0,0.0,1.0,0.0,0.0,1.0
46,-0.40035357124776055,-0.47072241016576966,2.048741656965093,-0.3482615828983863,0.0,1.0,0.0,1.0,0.0,0.0,0.0,1.0
47,-0.5542135369882354,-0.47072241016576966,-0.47934163551176356,-0.4826500674462615,0.0,0.0,1.0,0.0,1.0,0.0,0.0,1.0
48,-2.17589757589284,0.3799231635348091,2.048741656965093,2.2907144899016902,1.0,0.0,0.0,0.0,1.0,0.0,0.0,1.0
49,-0.40035357124776055,0.3799231635348091,-0.47934163551176356,-0.12682251075536644,0.0,1.0,0.0,1.0,0.0,0.0,0.0,1.0
50,-0.2464936055072857,-0.47072241016576966,-0.47934163551176356,-0.4748669654497216,0.0,0.0,1.0,1.0,0.0,0.0,0.0,1.0
51,0.3689462574546136,0.3799231635348091,-0.47934163551176356,-0.22310036820885334,0.0,1.0,0.0,0.0,1.0,0.0,0.0,1.0
52,-0.6311435198584728,1.2305687372353877,2.048741656965093,4.4247132003582275,1.0,0.0,0.0,1.0,0.0,1.0,0.0,0.0
53,-0.09263363976681087,-0.47072241016576966,-0.47934163551176356,-0.47823669046059364,0.0,0.0,1.0,0.0,1.0,0.0,1.0,0.0
54,-0.09263363976681087,-0.47072241016576966,-0.47934163551176356,-0.4882649920929489,0.0,0.0,1.0,1.0,0.0,1.0,0.0,0.0
55,-0.09263363976681087,-0.47072241016576966,-0.47934163551176356,-0.4606659814753323,0.0,0.0,1.0,0.0,1.0,0.0,0.0,1.0
56,-0.5542135369882354,-0.47072241016576966,-0.47934163551176356,-0.47775530117332626,0.0,0.0,1.0,1.0,0.0,0.0,0.0,1.0
57,2.5229857778212614,-0.47072241016576966,-0.47934163551176356,0.9129783497422922,1.0,0.0,0.0,1.0,0.0,0.0,0.0,1.0
58,-0.8619334684691851,-0.47072241016576966,-0.47934163551176356,-0.43795981157350194,0.0,0.0,1.0,1.0,0.0,0.0,0.0,1.0
59,0.984386120416513,-0.47072241016576966,-0.47934163551176356,3.7536565339074235,1.0,0.0,0.0,1.0,0.0,1.0,0.0,0.0
60,2.138335863470074,-0.47072241016576966,-0.47934163551176356,-0.38966106160338565,0.0,1.0,0.0,0.0,1.0,0.0,1.0,0.0
61,-0.7850034855989476,-0.47072241016576966,-0.47934163551176356,-0.6274673695134984,0.0,0.0,1.0,0.0,1.0,0.0,0.0,1.0
62,0.984386120416513,0.3799231635348091,-0.47934163551176356,-0.12682251075536644,0.0,1.0,0.0,1.0,0.0,0.0,0.0,1.0
63,-0.09263363976681087,-0.47072241016576966,-0.47934163551176356,-0.48834586549320974,0.0,0.0,1.0,0.0,1.0,1.0,0.0,0.0
64,-0.7080735027287102,-0.47072241016576966,-0.47934163551176356,-0.4606659814753323,0.0,0.0,1.0,1.0,0.0,0.0,0.0,1.0
65,0.40741124888973235,-0.47072241016576966,-0.47934163551176356,-0.503509628042134,0.0,0.0,1.0,0.0,1.0,1.0,0.0,0.0
66,-0.09263363976681087,-0.47072241016576966,-0.47934163551176356,-0.44453944035187326,0.0,0.0,1.0,0.0,1.0,0.0,0.0,1.0
67,-0.09263363976681087,-0.47072241016576966,-0.47934163551176356,-0.4724600190133844,0.0,0.0,1.0,0.0,1.0,0.0,0.0,1.0
68,-0.47728355411799794,-0.47072241016576966,-0.47934163551176356,-0.47542922813724997,0.0,0.0,1.0,0.0,1.0,0.0,0.0,1.0
69,-0.5542135369882354,-0.47072241016576966,-0.47934163551176356,-0.48786447620594237,0.0,0.0,1.0,0.0,1.0,0.0,0.0,1.0
70,1.7536859491188872,-0.47072241016576966,-0.47934163551176356,-0.040172439047228226,1.0,0.0,0.0,0.0,1.0,0.0,0.0,1.0
71,0.061226325973663974,-0.47072241016576966,-0.47934163551176356,-0.3872541151670485,0.0,0.0,1.0,1.0,0.0,0.0,0.0,1.0
72,0.5612712146302072,-0.47072241016576966,2.048741656965093,-0.12682251075536644,0.0,1.0,0.0,0.0,1.0,0.0,0.0,1.0
73,-0.09263363976681087,-0.47072241016576966,-0.47934163551176356,-0.47823669046059364,0.0,0.0,1.0,0.0,1.0,0.0,1.0,0.0
74,-0.5542135369882354,-0.47072241016576966,-0.47934163551176356,-0.4882649920929489,0.0,0.0,1.0,0.0,1.0,1.0,0.0,0.0
75,1.5998259833784123,1.2305687372353877,-0.47934163551176356,1.946039760218207,1.0,0.0,0.0,0.0,1.0,0.0,0.0,1.0
76,-0.16956362263704827,-0.47072241016576966,-0.47934163551176356,-0.4931597583658841,0.0,0.0,1.0,0.0,1.0,0.0,0.0,1.0
77,-0.5542135369882354,-0.47072241016576966,-0.47934163551176356,-0.4724600190133844,0.0,0.0,1.0,0.0,1.0,0.0,0.0,1.0
78,1.6767559662486498,0.3799231635348091,-0.47934163551176356,0.8736642494297352,1.0,0.0,0.0,1.0,0.0,0.0,0.0,1.0
79,0.5228062231950885,-0.47072241016576966,-0.47934163551176356,-0.42528386886117586,0.0,1.0,0.0,0.0,1.0,0.0,0.0,1.0
80,-0.015703656896573447,0.3799231635348091,-0.47934163551176356,-0.12682251075536644,0.0,1.0,0.0,1.0,0.0,0.0,0.0,1.0
81,-0.5542135369882354,-0.47072241016576966,-0.47934163551176356,2.2907144899016902,1.0,0.0,0.0,1.0,0.0,0.0,0.0,1.0
82,1.5998259833784123,0.3799231635348091,-0.47934163551176356,1.4218068263839703,1.0,0.0,0.0,0.0,1.0,1.0,0.0,0.0
83,0.8305261546760382,-0.47072241016576966,-0.47934163551176356,-0.3771449401344324,0.0,1.0,0.0,1.0,0.0,0.0,0.0,1.0
84,-0.16956362263704827,-0.47072241016576966,-0.47934163551176356,-0.4606659814753323,0.0,0.0,1.0,0.0,1.0,0.0,0.0,1.0
85,-0.09263363976681087,-0.47072241016576966,-0.47934163551176356,-0.6274673695134984,1.0,0.0,0.0,0.0,1.0,0.0,0.0,1.0
86,2.7537757264319738,-0.47072241016576966,-0.47934163551176356,-0.11623194643548287,1.0,0.0,0.0,0.0,1.0,0.0,0.0,1.0
87,-0.9388634513394225,-0.47072241016576966,-0.47934163551176356,-0.4606659814753323,0.0,0.0,1.0,0.0,1.0,0.0,0.0,1.0
88,-0.09263363976681087,-0.47072241016576966,-0.47934163551176356,-0.11623194643548287,1.0,0.0,0.0,0.0,1.0,0.0,0.0,1.0
89,-1.9389532286525089,-0.47072241016576966,2.048741656965093,0.9487609782434552,1.0,0.0,0.0,0.0,1.0,0.0,0.0,1.0
90,-0.09263363976681087,-0.47072241016576966,-0.47934163551176356,-0.47542922813724997,0.0,0.0,1.0,0.0,1.0,0.0,0.0,1.0
91,-2.169743177263221,0.3799231635348091,0.7847000107266648,-0.41308931543611727,0.0,0.0,1.0,1.0,0.0,0.0,0.0,1.0
92,0.5228062231950885,0.3799231635348091,2.048741656965093,-0.09312526064664603,0.0,1.0,0.0,0.0,1.0,0.0,0.0,1.0
93,1.0613161032867504,0.3799231635348091,0.7847000107266648,-0.1220086178826921,0.0,1.0,0.0,0.0,1.0,0.0,0.0,1.0
94,0.6766661889355633,-0.47072241016576966,0.7847000107266648,2.3275407703776487,1.0,0.0,0.0,0.0,1.0,0.0,0.0,1.0
95,0.1381563088439014,0.3799231635348091,0.7847000107266648,-0.1220086178826921,0.0,1.0,0.0,1.0,0.0,0.0,0.0,1.0
96,-0.015703656896573447,-0.47072241016576966,-0.47934163551176356,-0.4724600190133844,0.0,0.0,1.0,0.0,1.0,0.0,0.0,1.0
97,-0.8619334684691851,-0.47072241016576966,-0.47934163551176356,-0.4676461261407101,0.0,0.0,1.0,0.0,1.0,0.0,0.0,1.0
98,-0.09263363976681087,-0.47072241016576966,-0.47934163551176356,-0.33767101857850274,0.0,1.0,0.0,0.0,1.0,1.0,0.0,0.0
99,0.7535961718058007,0.3799231635348091,0.7847000107266648,1.5076539407609466,1.0,0.0,0.0,1.0,0.0,1.0,0.0,0.0
100,0.7535961718058007,-0.47072241016576966,-0.47934163551176356,-0.3771449401344324,0.0,1.0,0.0,0.0,1.0,0.0,0.0,1.0
101,-0.2464936055072857,1.2305687372353877,-0.47934163551176356,-0.4606659814753323,0.0,0.0,1.0,0.0,1.0,0.0,0.0,1.0
102,-0.7080735027287102,-0.47072241016576966,-0.47934163551176356,-0.4917155905040818,0.0,0.0,1.0,0.0,1.0,0.0,0.0,1.0
103,-0.09263363976681087,0.3799231635348091,-0.47934163551176356,1.946039760218207,1.0,0.0,0.0,1.0,0.0,0.0,0.0,1.0
104,1.5228960005081749,-0.47072241016576966,-0.47934163551176356,-0.6274673695134984,0.0,0.0,1.0,0.0,1.0,0.0,0.0,1.0
105,-0.47728355411799794,-0.47072241016576966,-0.47934163551176356,-0.3377518919787637,0.0,1.0,0.0,0.0,1.0,1.0,0.0,0.0
106,-2.169743177263221,2.931859884636545,0.7847000107266648,0.13673812402355398,0.0,0.0,1.0,0.0,1.0,0.0,0.0,1.0
107,-0.09263363976681087,-0.47072241016576966,-0.47934163551176356,-0.47574887062399557,0.0,0.0,1.0,1.0,0.0,0.0,1.0,0.0
108,-0.09263363976681087,0.3799231635348091,2.048741656965093,-0.17592421805664477,0.0,0.0,1.0,0.0,1.0,0.0,0.0,1.0
109,-2.015883211522746,0.3799231635348091,0.7847000107266648,-0.12682251075536644,0.0,1.0,0.0,0.0,1.0,0.0,0.0,1.0
110,-1.9389532286525089,0.3799231635348091,0.7847000107266648,-0.41308931543611727,0.0,0.0,1.0,0.0,1.0,0.0,0.0,1.0
111,-0.7850034855989476,-0.47072241016576966,-0.47934163551176356,-0.4801622476096634,0.0,0.0,1.0,0.0,1.0,0.0,0.0,1.0
112,0.8689911461111568,-0.47072241016576966,-0.47934163551176356,-0.47823669046059364,0.0,0.0,1.0,0.0,1.0,0.0,1.0,0.0
113,-2.169743177263221,-0.47072241016576966,2.048741656965093,-0.3243519397783874,0.0,0.0,1.0,1.0,0.0,1.0,0.0,0.0
114,-0.09263363976681087,-0.47072241016576966,2.048741656965093,-0.33390077768062426,0.0,0.0,1.0,1.0,0.0,1.0,0.0,0.0
115,-0.6311435198584728,-0.47072241016576966,-0.47934163551176356,-0.4748669654497216,0.0,0.0,1.0,0.0,1.0,0.0,0.0,1.0
116,1.907545914859362,-0.47072241016576966,-0.47934163551176356,0.37117470692279453,1.0,0.0,0.0,0.0,1.0,0.0,0.0,1.0
117,-0.09263363976681087,-0.47072241016576966,-0.47934163551176356,-0.3290060114076889,0.0,0.0,1.0,0.0,1.0,0.0,1.0,0.0
118,-0.3234235883775231,0.3799231635348091,2.048741656965093,0.1731638886125062,0.0,1.0,0.0,0.0,1.0,1.0,0.0,0.0
119,-0.2464936055072857,0.3799231635348091,-0.47934163551176356,-0.34914348807266027,0.0,0.0,1.0,0.0,1.0,1.0,0.0,0.0
120,-0.5542135369882354,-0.47072241016576966,-0.47934163551176356,-0.4249623008172812,0.0,0.0,1.0,1.0,0.0,0.0,0.0,1.0
121,0.1381563088439014,0.3799231635348091,0.7847000107266648,-0.23224676466693464,0.0,0.0,1.0,1.0,0.0,0.0,0.0,1.0
122,1.5228960005081749,0.3799231635348091,-0.47934163551176356,1.0882849237078993,1.0,0.0,0.0,0.0,1.0,1.0,0.0,0.0
123,-0.7850034855989476,0.3799231635348091,0.7847000107266648,0.08017488276963042,0.0,1.0,0.0,0.0,1.0,0.0,0.0,1.0
124,-0.40035357124776055,-0.47072241016576966,-0.47934163551176356,-0.42528386886117586,0.0,1.0,0.0,0.0,1.0,0.0,0.0,1.0
125,-1.01579343420966,-0.47072241016576966,-0.47934163551176356,-0.4724600190133844,0.0,0.0,1.0,0.0,1.0,0.0,0.0,1.0
126,-0.3234235883775231,0.3799231635348091,-0.47934163551176356,0.4400942484022986,1.0,0.0,0.0,0.0,1.0,1.0,0.0,0.0
127,0.7535961718058007,-0.47072241016576966,-0.47934163551176356,-0.16244531801315662,0.0,0.0,1.0,0.0,1.0,0.0,0.0,1.0
128,1.3690360347677,0.3799231635348091,-0.47934163551176356,-0.3482615828983863,0.0,0.0,1.0,1.0,0.0,0.0,0.0,1.0
129,2.3691258120807865,-0.47072241016576966,-0.47934163551176356,-0.11623194643548287,1.0,0.0,0.0,0.0,1.0,0.0,0.0,1.0
130,-0.40035357124776055,-0.47072241016576966,-0.47934163551176356,-0.3771449401344324,0.0,1.0,0.0,0.0,1.0,0.0,0.0,1.0
131,-0.09263363976681087,-0.47072241016576966,-0.47934163551176356,0.33531120502137074,1.0,0.0,0.0,0.0,1.0,0.0,0.0,1.0
132,-0.16956362263704827,0.3799231635348091,-0.47934163551176356,-0.22310036820885334,0.0,1.0,0.0,1.0,0.0,0.0,0.0,1.0
133,-0.09263363976681087,-0.47072241016576966,-0.47934163551176356,-0.3605370097237059,0.0,1.0,0.0,0.0,1.0,1.0,0.0,0.0
134,0.6766661889355633,-0.47072241016576966,-0.47934163551176356,-0.47542922813724997,0.0,0.0,1.0,0.0,1.0,0.0,0.0,1.0
135,1.1382460861569879,-0.47072241016576966,-0.47934163551176356,-0.4724600190133844,0.0,0.0,1.0,0.0,1.0,0.0,0.0,1.0
136,-0.6311435198584728,-0.47072241016576966,-0.47934163551176356,-0.42528386886117586,0.0,1.0,0.0,1.0,0.0,0.0,0.0,1.0
137,-0.40035357124776055,-0.47072241016576966,2.048741656965093,-0.3058993256188521,0.0,0.0,1.0,1.0,0.0,0.0,0.0,1.0
138,1.2151760690272253,-0.47072241016576966,-0.47934163551176356,-0.3675171543890837,0.0,1.0,0.0,1.0,0.0,0.0,0.0,1.0
139,-1.6312332971715593,0.3799231635348091,0.7847000107266648,0.08017488276963042,0.0,1.0,0.0,0.0,1.0,0.0,0.0,1.0
140,-1.6312332971715593,2.0812143109359664,0.7847000107266648,-0.22165620034705105,0.0,0.0,1.0,1.0,0.0,0.0,0.0,1.0
141,-0.09263363976681087,-0.47072241016576966,-0.47934163551176356,0.04647763266091,1.0,0.0,0.0,0.0,1.0,0.0,0.0,1.0
142,0.21508629171413882,-0.47072241016576966,-0.47934163551176356,-0.4724600190133844,0.0,0.0,1.0,0.0,1.0,0.0,0.0,1.0
143,1.5998259833784123,0.3799231635348091,-0.47934163551176356,0.44891907681648524,1.0,0.0,0.0,0.0,1.0,0.0,0.0,1.0
144,-0.6311435198584728,-0.47072241016576966,-0.47934163551176356,-0.4772739118860588,0.0,0.0,1.0,0.0,1.0,0.0,0.0,1.0
145,1.5998259833784123,-0.47072241016576966,-0.47934163551176356,-0.42528386886117586,0.0,1.0,0.0,1.0,0.0,0.0,0.0,1.0
146,-0.47728355411799794,-0.47072241016576966,-0.47934163551176356,-0.4748669654497216,0.0,0.0,1.0,1.0,0.0,0.0,0.0,1.0
147,0.21508629171413882,-0.47072241016576966,-0.47934163551176356,-0.476230259911263,0.0,0.0,1.0,0.0,1.0,0.0,0.0,1.0
148,-0.09263363976681087,-0.47072241016576966,-0.47934163551176356,-0.47823669046059364,0.0,0.0,1.0,1.0,0.0,0.0,1.0,0.0
149,-0.6311435198584728,1.2305687372353877,2.048741656965093,0.03444290047922413,0.0,0.0,1.0,1.0,0.0,0.0,0.0,1.0
150,-0.09263363976681087,-0.47072241016576966,-0.47934163551176356,-0.47823669046059364,0.0,0.0,1.0,0.0,1.0,0.0,1.0,0.0
151,-0.3234235883775231,-0.47072241016576966,-0.47934163551176356,-0.48834586549320974,0.0,0.0,1.0,0.0,1.0,1.0,0.0,0.0
152,-1.0927234170798972,0.3799231635348091,0.7847000107266648,-0.4882649920929489,0.0,0.0,1.0,0.0,1.0,1.0,0.0,0.0
153,0.1381563088439014,0.3799231635348091,-0.47934163551176356,-0.2808670826809455,0.0,0.0,1.0,1.0,0.0,0.0,0.0,1.0
154,-0.3234235883775231,-0.47072241016576966,-0.47934163551176356,-0.3771449401344324,0.0,1.0,0.0,0.0,1.0,0.0,0.0,1.0
155,1.907545914859362,-0.47072241016576966,-0.47934163551176356,-0.12682251075536644,0.0,1.0,0.0,0.0,1.0,0.0,0.0,1.0
156,-0.09263363976681087,-0.47072241016576966,-0.47934163551176356,0.2794700476983483,1.0,0.0,0.0,0.0,1.0,0.0,0.0,1.0
157,0.6766661889355633,-0.47072241016576966,-0.47934163551176356,0.9129783497422922,1.0,0.0,0.0,1.0,0.0,0.0,0.0,1.0
158,0.9074561375462755,-0.47072241016576966,0.7847000107266648,-0.25198372544489944,0.0,1.0,0.0,1.0,0.0,0.0,0.0,1.0
159,0.29201627458437623,-0.47072241016576966,-0.47934163551176356,-0.4606659814753323,0.0,0.0,1.0,0.0,1.0,1.0,0.0,0.0
160,1.7536859491188872,-0.47072241016576966,-0.47934163551176356,-0.3675171543890837,0.0,1.0,0.0,0.0,1.0,0.0,0.0,1.0
161,-1.01579343420966,0.3799231635348091,0.7847000107266648,-0.23754204682687638,0.0,0.0,1.0,0.0,1.0,0.0,0.0,1.0
162,-0.7080735027287102,-0.47072241016576966,-0.47934163551176356,-0.4724600190133844,0.0,0.0,1.0,0.0,1.0,0.0,0.0,1.0
163,-1.5543033143013218,2.931859884636545,2.048741656965093,-0.02308311934923431,0.0,0.0,1.0,0.0,1.0,0.0,0.0,1.0
164,-0.09263363976681087,-0.47072241016576966,-0.47934163551176356,-0.47125654579521586,0.0,0.0,1.0,0.0,1.0,0.0,0.0,1.0
165,-0.09263363976681087,-0.47072241016576966,-0.47934163551176356,-0.47671164919853043,0.0,0.0,1.0,0.0,1.0,0.0,1.0,0.0
166,-0.09263363976681087,-0.47072241016576966,-0.47934163551176356,-0.47542922813724997,0.0,0.0,1.0,0.0,1.0,0.0,0.0,1.0
167,1.907545914859362,0.3799231635348091,-0.47934163551176356,0.5163135770339261,1.0,0.0,0.0,1.0,0.0,1.0,0.0,0.0
168,-0.2464936055072857,-0.47072241016576966,-0.47934163551176356,-0.47542922813724997,0.0,0.0,1.0,0.0,1.0,0.0,0.0,1.0
169,2.3691258120807865,0.3799231635348091,0.7847000107266648,0.8975738925497343,1.0,0.0,0.0,0.0,1.0,1.0,0.0,0.0
170,-0.09263363976681087,-0.47072241016576966,-0.47934163551176356,0.46039154631064283,0.0,0.0,1.0,0.0,1.0,0.0,0.0,1.0
171,1.1382460861569879,-0.47072241016576966,0.7847000107266648,0.48895526105994325,1.0,0.0,0.0,1.0,0.0,1.0,0.0,0.0
172,-0.7080735027287102,0.3799231635348091,-0.47934163551176356,-0.4748669654497216,0.0,0.0,1.0,0.0,1.0,0.0,0.0,1.0
173,-0.09263363976681087,2.0812143109359664,0.7847000107266648,-0.13709150703135536,0.0,0.0,1.0,0.0,1.0,0.0,0.0,1.0
174,-1.01579343420966,-0.47072241016576966,-0.47934163551176356,-0.42528386886117586,0.0,1.0,0.0,0.0,1.0,0.0,0.0,1.0
175,1.0613161032867504,0.3799231635348091,7.104908241918808,0.2756189334002088,0.0,0.0,1.0,1.0,0.0,0.0,0.0,1.0
176,-0.9388634513394225,-0.47072241016576966,-0.47934163551176356,-0.4606659814753323,0.0,0.0,1.0,0.0,1.0,0.0,0.0,1.0
177,0.5997362060653258,0.3799231635348091,0.7847000107266648,0.38449378572291,1.0,0.0,0.0,0.0,1.0,0.0,0.0,1.0
178,2.5229857778212614,-0.47072241016576966,-0.47934163551176356,-0.42528386886117586,0.0,1.0,0.0,0.0,1.0,0.0,0.0,1.0
179,-1.6312332971715593,2.931859884636545,0.7847000107266648,-0.06664884984693713,0.0,0.0,1.0,0.0,1.0,0.0,1.0,0.0
180,0.21508629171413882,-0.47072241016576966,-0.47934163551176356,0.46039154631064283,0.0,0.0,1.0,0.0,1.0,0.0,0.0,1.0
181,-0.7080735027287102,0.3799231635348091,-0.47934163551176356,-0.4382813796173966,0.0,0.0,1.0,1.0,0.0,0.0,0.0,1.0
182,-0.09263363976681087,-0.47072241016576966,-0.47934163551176356,-0.3771449401344324,0.0,1.0,0.0,1.0,0.0,0.0,0.0,1.0
183,-0.6311435198584728,-0.47072241016576966,-0.47934163551176356,-0.47823669046059364,0.0,0.0,1.0,1.0,0.0,0.0,1.0,0.0
184,0.5997362060653258,1.2305687372353877,-0.47934163551176356,-0.4748669654497216,0.0,0.0,1.0,0.0,1.0,0.0,0.0,1.0
185,-0.9388634513394225,-0.47072241016576966,-0.47934163551176356,-0.3490645402295484,0.0,0.0,1.0,1.0,0.0,1.0,0.0,0.0
186,-0.09263363976681087,-0.47072241016576966,-0.47934163551176356,-0.47823669046059364,0.0,0.0,1.0,1.0,0.0,0.0,1.0,0.0
187,1.2921060518974627,0.3799231635348091,-0.47934163551176356,0.5504922164299139,1.0,0.0,0.0,0.0,1.0,0.0,0.0,1.0
188,-0.09263363976681087,-0.47072241016576966,-0.47934163551176356,-0.3367082400039679,0.0,0.0,1.0,0.0,1.0,0.0,0.0,1.0
189,-0.40035357124776055,-0.47072241016576966,-0.47934163551176356,-0.4724600190133844,0.0,0.0,1.0,0.0,1.0,0.0,0.0,1.0
190,-0.015703656896573447,0.3799231635348091,-0.47934163551176356,0.6549536917669472,1.0,0.0,0.0,0.0,1.0,0.0,0.0,1.0
191,2.0614058805998368,-0.47072241016576966,0.7847000107266648,0.9737932211813617,1.0,0.0,0.0,1.0,0.0,1.0,0.0,0.0
192,0.1381563088439014,0.3799231635348091,0.7847000107266648,0.08506964904256564,0.0,1.0,0.0,0.0,1.0,1.0,0.0,0.0
193,-0.09263363976681087,-0.47072241016576966,-0.47934163551176356,-0.47823669046059364,0.0,0.0,1.0,0.0,1.0,0.0,1.0,0.0
194,0.21508629171413882,0.3799231635348091,-0.47934163551176356,-0.12682251075536644,0.0,1.0,0.0,0.0,1.0,0.0,0.0,1.0
195,0.29201627458437623,0.3799231635348091,0.7847000107266648,-0.23224676466693464,0.0,0.0,1.0,0.0,1.0,0.0,0.0,1.0
196,2.292195829210549,-0.47072241016576966,-0.47934163551176356,-0.48786447620594237,0.0,0.0,1.0,0.0,1.0,0.0,0.0,1.0
197,2.2152658463403117,-0.47072241016576966,-0.47934163551176356,-0.11623194643548287,1.0,0.0,0.0,1.0,0.0,0.0,0.0,1.0
198,-0.09263363976681087,0.3799231635348091,-0.47934163551176356,-0.3174526685132705,0.0,0.0,1.0,1.0,0.0,0.0,0.0,1.0
199,-2.015883211522746,0.3799231635348091,2.048741656965093,0.1731638886125062,0.0,1.0,0.0,1.0,0.0,1.0,0.0,0.0
200,-0.09263363976681087,-0.47072241016576966,-0.47934163551176356,-0.47542922813724997,0.0,0.0,1.0,0.0,1.0,1.0,0.0,0.0
201,-1.01579343420966,-0.47072241016576966,0.7847000107266648,0.48895526105994325,1.0,0.0,0.0,1.0,0.0,1.0,0.0,0.0
202,1.2151760690272253,0.3799231635348091,4.57682494944195,-0.09023692492304144,0.0,0.0,1.0,1.0,0.0,0.0,0.0,1.0
203,1.0613161032867504,-0.47072241016576966,0.7847000107266648,3.4419569704017596,1.0,0.0,0.0,1.0,0.0,0.0,0.0,1.0
204,0.061226325973663974,-0.47072241016576966,-0.47934163551176356,1.4218068263839703,1.0,0.0,0.0,1.0,0.0,1.0,0.0,0.0
205,-0.05416864833169215,-0.47072241016576966,-0.47934163551176356,-0.3174526685132705,0.0,0.0,1.0,0.0,1.0,0.0,0.0,1.0
206,-0.40035357124776055,-0.47072241016576966,-0.47934163551176356,-0.47735478528631975,0.0,0.0,1.0,0.0,1.0,0.0,0.0,1.0
207,0.061226325973663974,-0.47072241016576966,-0.47934163551176356,-0.3771449401344324,0.0,1.0,0.0,0.0,1.0,0.0,0.0,1.0
208,0.5228062231950885,-0.47072241016576966,-0.47934163551176356,0.14516243655073408,1.0,0.0,0.0,0.0,1.0,1.0,0.0,0.0
209,-0.3234235883775231,-0.47072241016576966,-0.47934163551176356,-0.4917155905040818,0.0,0.0,1.0,0.0,1.0,0.0,0.0,1.0
210,-0.09263363976681087,-0.47072241016576966,2.048741656965093,-0.47823669046059364,0.0,0.0,1.0,1.0,0.0,0.0,1.0,0.0
211,1.5998259833784123,-0.47072241016576966,-0.47934163551176356,-0.07459177308684982,1.0,0.0,0.0,1.0,0.0,1.0,0.0,0.0
212,-2.1889756729807806,1.2305687372353877,0.7847000107266648,-0.25663779707420104,0.0,0.0,1.0,1.0,0.0,1.0,0.0,0.0
213,-0.40035357124776055,-0.47072241016576966,-0.47934163551176356,0.32576429267628293,1.0,0.0,0.0,1.0,0.0,1.0,0.0,0.0
214,-0.40035357124776055,0.3799231635348091,2.048741656965093,0.6241447773818315,0.0,1.0,0.0,1.0,0.0,0.0,0.0,1.0
215,0.44587624032485107,0.3799231635348091,-0.47934163551176356,0.3738223480027655,1.0,0.0,0.0,1.0,0.0,0.0,0.0,1.0
216,0.061226325973663974,-0.47072241016576966,-0.47934163551176356,1.0381395644318252,1.0,0.0,0.0,1.0,0.0,0.0,0.0,1.0
217,-0.47728355411799794,-0.47072241016576966,-0.47934163551176356,-0.3771449401344324,0.0,1.0,0.0,0.0,1.0,0.0,0.0,1.0
218,-0.09263363976681087,-0.47072241016576966,-0.47934163551176356,-0.47542922813724997,0.0,0.0,1.0,0.0,1.0,0.0,0.0,1.0
219,-0.16956362263704827,-0.47072241016576966,-0.47934163551176356,-0.12682251075536644,0.0,1.0,0.0,0.0,1.0,0.0,0.0,1.0
220,1.9844758977295993,-0.47072241016576966,-0.47934163551176356,-0.31937822566234025,0.0,1.0,0.0,1.0,0.0,0.0,0.0,1.0
221,0.44587624032485107,0.3799231635348091,-0.47934163551176356,0.39500347664253266,1.0,0.0,0.0,1.0,0.0,0.0,0.0,1.0
222,-0.09263363976681087,-0.47072241016576966,-0.47934163551176356,-0.49540688355884854,0.0,0.0,1.0,0.0,1.0,0.0,1.0,0.0
223,-0.09263363976681087,-0.47072241016576966,-0.47934163551176356,0.8975738925497343,1.0,0.0,0.0,1.0,0.0,1.0,0.0,0.0
224,-0.09263363976681087,0.3799231635348091,-0.47934163551176356,-0.24299715023019097,0.0,0.0,1.0,0.0,1.0,0.0,0.0,1.0
225,-0.47728355411799794,-0.47072241016576966,-0.47934163551176356,-0.3619003041852473,0.0,1.0,0.0,1.0,0.0,1.0,0.0,0.0
226,-0.09263363976681087,-0.47072241016576966,-0.47934163551176356,-0.4785582585044883,0.0,0.0,1.0,1.0,0.0,0.0,1.0,0.0
227,-0.47728355411799794,0.3799231635348091,-0.47934163551176356,1.5537074910952478,1.0,0.0,0.0,1.0,0.0,1.0,0.0,0.0
228,1.6767559662486498,-0.47072241016576966,-0.47934163551176356,-0.4724600190133844,0.0,0.0,1.0,0.0,1.0,0.0,0.0,1.0
229,0.29201627458437623,-0.47072241016576966,2.048741656965093,-0.12682251075536644,0.0,1.0,0.0,1.0,0.0,0.0,0.0,1.0
230,-0.015703656896573447,-0.47072241016576966,4.57682494944195,-0.22165620034705105,0.0,0.0,1.0,1.0,0.0,0.0,0.0,1.0
231,-0.09263363976681087,-0.47072241016576966,-0.47934163551176356,-0.47542922813724997,0.0,0.0,1.0,0.0,1.0,1.0,0.0,0.0
232,-0.09263363976681087,6.33444217943886,2.048741656965093,0.7117576276645045,0.0,0.0,1.0,0.0,1.0,0.0,0.0,1.0
233,-2.0928131943929835,0.3799231635348091,0.7847000107266648,-0.12682251075536644,0.0,1.0,0.0,1.0,0.0,0.0,0.0,1.0
234,-1.1696533999501346,0.3799231635348091,-0.47934163551176356,-0.04843693033103557,0.0,1.0,0.0,1.0,0.0,1.0,0.0,0.0
235,1.907545914859362,0.3799231635348091,-0.47934163551176356,-0.12682251075536644,0.0,1.0,0.0,0.0,1.0,0.0,0.0,1.0
236,-1.0927234170798972,-0.47072241016576966,-0.47934163551176356,-0.472860534900391,0.0,0.0,1.0,1.0,0.0,0.0,1.0,0.0
237,-0.5542135369882354,-0.47072241016576966,0.7847000107266648,0.4315890624748576,1.0,0.0,0.0,1.0,0.0,0.0,0.0,1.0
238,-0.16956362263704827,-0.47072241016576966,-0.47934163551176356,-0.3771449401344324,0.0,1.0,0.0,0.0,1.0,0.0,0.0,1.0
239,-0.09263363976681087,-0.47072241016576966,-0.47934163551176356,-0.47542922813724997,0.0,0.0,1.0,0.0,1.0,0.0,0.0,1.0
240,-0.09263363976681087,-0.47072241016576966,-0.47934163551176356,0.13505326151811797,1.0,0.0,0.0,0.0,1.0,1.0,0.0,0.0
241,-0.09263363976681087,0.3799231635348091,-0.47934163551176356,-0.1653336537367612,0.0,1.0,0.0,1.0,0.0,1.0,0.0,0.0
242,0.7535961718058007,-0.47072241016576966,-0.47934163551176356,-0.4748669654497216,0.0,0.0,1.0,0.0,1.0,0.0,0.0,1.0
243,-2.0928131943929835,0.3799231635348091,0.7847000107266648,-0.12682251075536644,0.0,1.0,0.0,0.0,1.0,0.0,0.0,1.0
244,-0.40035357124776055,0.3799231635348091,-0.47934163551176356,-0.3174526685132705,0.0,0.0,1.0,0.0,1.0,0.0,0.0,1.0
245,0.21508629171413882,-0.47072241016576966,-0.47934163551176356,-0.47542922813724997,0.0,0.0,1.0,0.0,1.0,0.0,0.0,1.0
246,1.253641060462344,-0.47072241016576966,-0.47934163551176356,-0.48834586549320974,0.0,0.0,1.0,0.0,1.0,1.0,0.0,0.0
247,-1.6312332971715593,-0.47072241016576966,2.048741656965093,-0.1220086178826921,0.0,1.0,0.0,1.0,0.0,0.0,0.0,1.0
248,-0.2464936055072857,0.3799231635348091,2.048741656965093,-0.23128398609239975,0.0,0.0,1.0,0.0,1.0,0.0,0.0,1.0
249,-0.015703656896573447,-0.47072241016576966,-0.47934163551176356,3.4419569704017596,1.0,0.0,0.0,1.0,0.0,0.0,0.0,1.0
250,1.2151760690272253,0.3799231635348091,0.7847000107266648,-0.1220086178826921,0.0,1.0,0.0,1.0,0.0,0.0,0.0,1.0
251,0.5228062231950885,0.3799231635348091,-0.47934163551176356,-0.29242042557536396,0.0,0.0,1.0,1.0,0.0,0.0,0.0,1.0
252,-0.09263363976681087,-0.47072241016576966,-0.47934163551176356,-0.12682251075536644,1.0,0.0,0.0,0.0,1.0,0.0,0.0,1.0
253,-1.9389532286525089,-0.47072241016576966,2.048741656965093,-0.20336340743088857,0.0,0.0,1.0,1.0,0.0,0.0,0.0,1.0
254,-1.01579343420966,-0.47072241016576966,-0.47934163551176356,-0.12682251075536644,0.0,1.0,0.0,0.0,1.0,0.0,0.0,1.0
255,2.2152658463403117,-0.47072241016576966,-0.47934163551176356,-0.05557689623978614,1.0,0.0,0.0,0.0,1.0,1.0,0.0,0.0
256,0.8689911461111568,-0.47072241016576966,2.048741656965093,-0.3482615828983863,0.0,0.0,1.0,0.0,1.0,0.0,0.0,1.0
257,-0.3234235883775231,-0.47072241016576966,-0.47934163551176356,-0.4801622476096634,0.0,0.0,1.0,0.0,1.0,0.0,0.0,1.0
258,-0.09263363976681087,-0.47072241016576966,-0.47934163551176356,-0.47542922813724997,0.0,0.0,1.0,0.0,1.0,0.0,0.0,1.0
259,1.6767559662486498,-0.47072241016576966,-0.47934163551176356,-0.4916347171038209,0.0,0.0,1.0,0.0,1.0,0.0,0.0,1.0
260,-0.09263363976681087,-0.47072241016576966,-0.47934163551176356,-0.6274673695134984,0.0,1.0,0.0,0.0,1.0,0.0,0.0,1.0
261,-0.9388634513394225,2.931859884636545,2.048741656965093,-0.4748669654497216,0.0,0.0,1.0,1.0,0.0,0.0,0.0,1.0
262,-0.09263363976681087,-0.47072241016576966,-0.47934163551176356,-0.4936411476531516,0.0,0.0,1.0,0.0,1.0,0.0,1.0,0.0
263,0.8305261546760382,0.3799231635348091,0.7847000107266648,-0.3290060114076889,0.0,0.0,1.0,0.0,1.0,0.0,1.0,0.0
264,-0.3234235883775231,-0.47072241016576966,-0.47934163551176356,-0.6274673695134984,0.0,0.0,1.0,0.0,1.0,0.0,0.0,1.0
265,1.3690360347677,-0.47072241016576966,-0.47934163551176356,-0.13476543399527913,1.0,0.0,0.0,0.0,1.0,0.0,0.0,1.0
266,-0.09263363976681087,-0.47072241016576966,-0.47934163551176356,-0.11623194643548287,1.0,0.0,0.0,0.0,1.0,0.0,0.0,1.0
267,1.1382460861569879,0.3799231635348091,-0.47934163551176356,-0.12682251075536644,0.0,1.0,0.0,0.0,1.0,0.0,0.0,1.0
268,-0.47728355411799794,2.0812143109359664,2.048741656965093,4.436747932539913,1.0,0.0,0.0,1.0,0.0,0.0,0.0,1.0
269,-0.8619334684691851,-0.47072241016576966,-0.47934163551176356,-0.40602829737047846,0.0,1.0,0.0,0.0,1.0,0.0,0.0,1.0
270,-0.015703656896573447,0.3799231635348091,-0.47934163551176356,-0.22310036820885334,0.0,1.0,0.0,0.0,1.0,0.0,0.0,1.0
271,-1.3235133656906095,0.3799231635348091,-0.47934163551176356,-0.4110020114865256,0.0,0.0,1.0,0.0,1.0,1.0,0.0,0.0
272,-1.400443348560847,-0.47072241016576966,-0.47934163551176356,-0.2657033201320213,0.0,0.0,1.0,0.0,1.0,1.0,0.0,0.0
273,-0.5542135369882354,-0.47072241016576966,-0.47934163551176356,-0.47823669046059364,0.0,0.0,1.0,1.0,0.0,0.0,1.0,0.0
274,-0.7850034855989476,-0.47072241016576966,-0.47934163551176356,-0.42528386886117586,0.0,1.0,0.0,0.0,1.0,0.0,0.0,1.0
275,-0.5542135369882354,0.3799231635348091,-0.47934163551176356,-0.48786447620594237,0.0,0.0,1.0,0.0,1.0,0.0,0.0,1.0
276,0.29201627458437623,-0.47072241016576966,-0.47934163551176356,-0.47542922813724997,0.0,0.0,1.0,0.0,1.0,0.0,0.0,1.0
277,2.0614058805998368,-0.47072241016576966,-0.47934163551176356,-0.11623194643548287,1.0,0.0,0.0,0.0,1.0,0.0,0.0,1.0
278,-2.169743177263221,-0.47072241016576966,2.048741656965093,0.08506964904256564,0.0,1.0,0.0,0.0,1.0,1.0,0.0,0.0
279,-0.5542135369882354,-0.47072241016576966,-0.47934163551176356,-0.47735478528631975,0.0,0.0,1.0,0.0,1.0,0.0,0.0,1.0
280,-0.09263363976681087,-0.47072241016576966,-0.47934163551176356,-0.4882649920929489,0.0,0.0,1.0,0.0,1.0,1.0,0.0,0.0
281,-0.09263363976681087,-0.47072241016576966,-0.47934163551176356,-0.47823669046059364,0.0,0.0,1.0,0.0,1.0,0.0,1.0,0.0
282,-1.7081632800417965,2.931859884636545,0.7847000107266648,-0.06664884984693713,0.0,0.0,1.0,0.0,1.0,0.0,1.0,0.0
283,-1.9389532286525089,-0.47072241016576966,0.7847000107266648,-0.36912114349425884,0.0,0.0,1.0,1.0,0.0,1.0,0.0,0.0
284,3.1768906322182797,-0.47072241016576966,-0.47934163551176356,-0.47823669046059364,0.0,0.0,1.0,0.0,1.0,0.0,1.0,0.0
285,-0.8619334684691851,-0.47072241016576966,-0.47934163551176356,-0.3771449401344324,0.0,1.0,0.0,0.0,1.0,0.0,0.0,1.0
286,-0.7080735027287102,0.3799231635348091,0.7847000107266648,-0.3243519397783874,0.0,0.0,1.0,0.0,1.0,1.0,0.0,0.0
287,-0.40035357124776055,1.2305687372353877,-0.47934163551176356,0.7878171350527592,0.0,1.0,0.0,0.0,1.0,0.0,0.0,1.0
288,-0.09263363976681087,-0.47072241016576966,-0.47934163551176356,-0.48834586549320974,0.0,0.0,1.0,0.0,1.0,1.0,0.0,0.0
289,0.3689462574546136,-0.47072241016576966,-0.47934163551176356,-0.42528386886117586,0.0,1.0,0.0,1.0,0.0,0.0,0.0,1.0
290,-0.09263363976681087,-0.47072241016576966,-0.47934163551176356,-0.47823669046059364,0.0,0.0,1.0,1.0,0.0,0.0,1.0,0.0
291,0.1381563088439014,-0.47072241016576966,2.048741656965093,2.54713515877186,1.0,0.0,0.0,1.0,0.0,0.0,0.0,1.0
292,0.061226325973663974,-0.47072241016576966,-0.47934163551176356,-0.47542922813724997,0.0,0.0,1.0,0.0,1.0,0.0,0.0,1.0
293,-0.8619334684691851,-0.47072241016576966,-0.47934163551176356,-0.40602829737047846,0.0,1.0,0.0,0.0,1.0,0.0,0.0,1.0
294,-1.5543033143013218,2.0812143109359664,2.048741656965093,-0.09023692492304144,0.0,0.0,1.0,1.0,0.0,0.0,0.0,1.0
295,0.7535961718058007,0.3799231635348091,0.7847000107266648,0.9062388997205482,1.0,0.0,0.0,1.0,0.0,0.0,0.0,1.0
296,0.29201627458437623,0.3799231635348091,-0.47934163551176356,0.39500347664253266,1.0,0.0,0.0,1.0,0.0,0.0,0.0,1.0
297,3.138425640783161,0.3799231635348091,0.7847000107266648,0.7396782063260158,1.0,0.0,0.0,0.0,1.0,0.0,0.0,1.0
298,-0.40035357124776055,-0.47072241016576966,-0.47934163551176356,0.7069437347918301,1.0,0.0,0.0,1.0,0.0,1.0,0.0,0.0
299,2.2152658463403117,-0.47072241016576966,0.7847000107266648,2.3275407703776487,1.0,0.0,0.0,1.0,0.0,0.0,0.0,1.0
300,-0.6311435198584728,-0.47072241016576966,-0.47934163551176356,-0.476230259911263,0.0,0.0,1.0,0.0,1.0,0.0,0.0,1.0
301,-0.9388634513394225,0.3799231635348091,-0.47934163551176356,1.4694643658234467,1.0,0.0,0.0,1.0,0.0,1.0,0.0,0.0
302,-0.09263363976681087,0.3799231635348091,0.7847000107266648,-0.3501871400474561,0.0,0.0,1.0,1.0,0.0,0.0,0.0,1.0
303,-0.40035357124776055,-0.47072241016576966,-0.47934163551176356,0.9737932211813617,1.0,0.0,0.0,1.0,0.0,1.0,0.0,0.0
304,-0.09263363976681087,-0.47072241016576966,-0.47934163551176356,-0.48834586549320974,0.0,0.0,1.0,0.0,1.0,1.0,0.0,0.0
305,-0.09263363976681087,0.3799231635348091,-0.47934163551176356,-0.3290060114076889,0.0,0.0,1.0,0.0,1.0,0.0,1.0,0.0
306,0.984386120416513,-0.47072241016576966,-0.47934163551176356,-0.4606659814753323,0.0,0.0,1.0,0.0,1.0,0.0,0.0,1.0
307,-0.8619334684691851,0.3799231635348091,-0.47934163551176356,-0.5023870282242263,0.0,0.0,1.0,0.0,1.0,0.0,0.0,1.0
308,-2.0928131943929835,-0.47072241016576966,0.7847000107266648,-0.39086453482155425,0.0,0.0,1.0,1.0,0.0,0.0,0.0,1.0
309,0.3689462574546136,-0.47072241016576966,-0.47934163551176356,-0.3771449401344324,0.0,1.0,0.0,1.0,0.0,0.0,0.0,1.0
310,-2.015883211522746,2.931859884636545,2.048741656965093,-0.02308311934923431,0.0,0.0,1.0,0.0,1.0,0.0,0.0,1.0
311,2.2152658463403117,-0.47072241016576966,-0.47934163551176356,2.193874369760675,1.0,0.0,0.0,1.0,0.0,1.0,0.0,0.0
312,0.21508629171413882,-0.47072241016576966,-0.47934163551176356,-0.47823669046059364,0.0,0.0,1.0,0.0,1.0,0.0,1.0,0.0
313,0.1381563088439014,-0.47072241016576966,-0.47934163551176356,-0.4748669654497216,0.0,0.0,1.0,0.0,1.0,0.0,0.0,1.0
314,-0.09263363976681087,-0.47072241016576966,-0.47934163551176356,-0.47775530117332626,0.0,0.0,1.0,0.0,1.0,0.0,0.0,1.0
315,-0.16956362263704827,0.3799231635348091,-0.47934163551176356,-0.36061788312396686,0.0,1.0,0.0,1.0,0.0,1.0,0.0,0.0
316,-1.400443348560847,3.7825054583371243,2.048741656965093,0.2756189334002088,0.0,0.0,1.0,0.0,1.0,0.0,0.0,1.0
317,-0.47728355411799794,-0.47072241016576966,-0.47934163551176356,-0.3771449401344324,0.0,1.0,0.0,0.0,1.0,0.0,0.0,1.0
318,0.8305261546760382,-0.47072241016576966,-0.47934163551176356,-0.6274673695134984,1.0,0.0,0.0,0.0,1.0,0.0,0.0,1.0
319,-0.09263363976681087,-0.47072241016576966,-0.47934163551176356,-0.4882649920929489,0.0,0.0,1.0,0.0,1.0,1.0,0.0,0.0
320,-0.09263363976681087,-0.47072241016576966,-0.47934163551176356,-0.47542922813724997,0.0,0.0,1.0,1.0,0.0,0.0,0.0,1.0
321,-0.09263363976681087,-0.47072241016576966,-0.47934163551176356,-0.3771449401344324,0.0,1.0,0.0,1.0,0.0,0.0,0.0,1.0
322,-0.09263363976681087,0.3799231635348091,-0.47934163551176356,-0.24299715023019097,0.0,0.0,1.0,0.0,1.0,0.0,0.0,1.0
323,-0.7850034855989476,-0.47072241016576966,-0.47934163551176356,-0.43162280299591343,0.0,0.0,1.0,0.0,1.0,0.0,0.0,1.0
324,0.061226325973663974,0.3799231635348091,0.7847000107266648,-0.16244531801315662,0.0,0.0,1.0,1.0,0.0,0.0,0.0,1.0
325,-0.7080735027287102,-0.47072241016576966,-0.47934163551176356,-0.476230259911263,0.0,0.0,1.0,0.0,1.0,0.0,0.0,1.0
326,-0.09263363976681087,-0.47072241016576966,-0.47934163551176356,0.46039154631064283,0.0,0.0,1.0,0.0,1.0,0.0,0.0,1.0
327,0.5228062231950885,-0.47072241016576966,-0.47934163551176356,-0.6274673695134984,0.0,0.0,1.0,0.0,1.0,0.0,0.0,1.0
328,-0.09263363976681087,-0.47072241016576966,-0.47934163551176356,-0.4724600190133844,0.0,0.0,1.0,0.0,1.0,0.0,0.0,1.0
329,-0.40035357124776055,2.0812143109359664,2.048741656965093,4.436747932539913,1.0,0.0,0.0,1.0,0.0,0.0,0.0,1.0
330,-0.05416864833169215,-0.47072241016576966,-0.47934163551176356,-0.4882649920929489,0.0,0.0,1.0,0.0,1.0,1.0,0.0,0.0
331,-0.40035357124776055,-0.47072241016576966,3.312783303203522,-0.25663779707420104,0.0,0.0,1.0,1.0,0.0,1.0,0.0,0.0
332,0.984386120416513,-0.47072241016576966,-0.47934163551176356,-0.3771449401344324,0.0,1.0,0.0,0.0,1.0,0.0,0.0,1.0
333,1.907545914859362,-0.47072241016576966,0.7847000107266648,0.8607476120737754,1.0,0.0,0.0,0.0,1.0,0.0,0.0,1.0
334,-0.3234235883775231,-0.47072241016576966,-0.47934163551176356,-0.4783965117039664,0.0,0.0,1.0,0.0,1.0,0.0,1.0,0.0
335,-1.7081632800417965,2.931859884636545,0.7847000107266648,0.13673812402355398,0.0,0.0,1.0,0.0,1.0,0.0,0.0,1.0
336,-0.3234235883775231,0.3799231635348091,-0.47934163551176356,-0.28471819697908496,0.0,0.0,1.0,0.0,1.0,0.0,0.0,1.0
337,-0.16956362263704827,-0.47072241016576966,0.7847000107266648,-0.3872541151670485,0.0,0.0,1.0,1.0,0.0,0.0,0.0,1.0
338,-0.40035357124776055,0.3799231635348091,-0.47934163551176356,-0.32226656138594484,0.0,0.0,1.0,1.0,0.0,0.0,0.0,1.0
339,-0.09263363976681087,-0.47072241016576966,-0.47934163551176356,-0.48786447620594237,0.0,0.0,1.0,0.0,1.0,0.0,0.0,1.0
340,-0.09263363976681087,-0.47072241016576966,-0.47934163551176356,-0.38388439015617654,0.0,1.0,0.0,1.0,0.0,0.0,0.0,1.0
341,-0.7850034855989476,-0.47072241016576966,-0.47934163551176356,-0.3482615828983863,0.0,0.0,1.0,0.0,1.0,0.0,0.0,1.0
342,-0.5542135369882354,-0.47072241016576966,-0.47934163551176356,-0.48786447620594237,0.0,0.0,1.0,0.0,1.0,0.0,0.0,1.0
343,-0.09263363976681087,-0.47072241016576966,-0.47934163551176356,-0.48834586549320974,0.0,0.0,1.0,1.0,0.0,1.0,0.0,0.0
344,-0.09263363976681087,6.33444217943886,2.048741656965093,0.7117576276645045,0.0,0.0,1.0,1.0,0.0,0.0,0.0,1.0
345,0.984386120416513,-0.47072241016576966,-0.47934163551176356,-0.12128653395179091,1.0,0.0,0.0,0.0,1.0,0.0,0.0,1.0
346,1.5998259833784123,-0.47072241016576966,-0.47934163551176356,-0.3771449401344324,0.0,1.0,0.0,0.0,1.0,0.0,0.0,1.0
347,-2.015883211522746,0.3799231635348091,0.7847000107266648,-0.2664254040629225,0.0,1.0,0.0,0.0,1.0,0.0,0.0,1.0
348,-0.09263363976681087,-0.47072241016576966,-0.47934163551176356,3.7536565339074235,1.0,0.0,0.0,0.0,1.0,1.0,0.0,0.0
349,-0.8619334684691851,1.2305687372353877,-0.47934163551176356,-0.2808670826809455,0.0,0.0,1.0,1.0,0.0,0.0,0.0,1.0
350,-0.8619334684691851,0.3799231635348091,0.7847000107266648,-0.476230259911263,0.0,0.0,1.0,0.0,1.0,0.0,0.0,1.0
351,1.1382460861569879,1.2305687372353877,-0.47934163551176356,1.105534064649266,1.0,0.0,0.0,0.0,1.0,0.0,1.0,0.0
352,-0.09263363976681087,-0.47072241016576966,-0.47934163551176356,-0.04980022479257691,1.0,0.0,0.0,0.0,1.0,0.0,0.0,1.0
353,-0.09263363976681087,-0.47072241016576966,-0.47934163551176356,0.18896886169207058,1.0,0.0,0.0,0.0,1.0,0.0,0.0,1.0
354,-0.09263363976681087,0.3799231635348091,-0.47934163551176356,-0.16244531801315662,0.0,0.0,1.0,0.0,1.0,0.0,1.0,0.0
355,-1.01579343420966,-0.47072241016576966,-0.47934163551176356,-0.47775530117332626,0.0,0.0,1.0,0.0,1.0,0.0,0.0,1.0
356,-0.09263363976681087,-0.47072241016576966,-0.47934163551176356,-0.48666100298777376,0.0,0.0,1.0,0.0,1.0,0.0,0.0,1.0
357,-0.5542135369882354,-0.47072241016576966,-0.47934163551176356,-0.47542922813724997,0.0,0.0,1.0,0.0,1.0,0.0,0.0,1.0
358,-1.9389532286525089,0.3799231635348091,0.7847000107266648,-0.18458922522745858,0.0,1.0,0.0,1.0,0.0,0.0,0.0,1.0
359,-0.09263363976681087,-0.47072241016576966,-0.47934163551176356,-0.3771449401344324,0.0,1.0,0.0,0.0,1.0,0.0,0.0,1.0
360,-0.40035357124776055,-0.47072241016576966,-0.47934163551176356,-0.48994985459838486,0.0,0.0,1.0,0.0,1.0,0.0,0.0,1.0
361,0.061226325973663974,-0.47072241016576966,-0.47934163551176356,-0.38966106160338565,0.0,1.0,0.0,1.0,0.0,0.0,1.0,0.0
362,-0.015703656896573447,-0.47072241016576966,2.048741656965093,-0.33390077768062426,0.0,0.0,1.0,1.0,0.0,1.0,0.0,0.0
363,-0.40035357124776055,-0.47072241016576966,-0.47934163551176356,-0.44453944035187326,0.0,0.0,1.0,0.0,1.0,0.0,0.0,1.0
364,1.2151760690272253,0.3799231635348091,0.7847000107266648,2.54713515877186,1.0,0.0,0.0,1.0,0.0,0.0,0.0,1.0
365,0.21508629171413882,-0.47072241016576966,-0.47934163551176356,-0.3771449401344324,0.0,1.0,0.0,1.0,0.0,0.0,0.0,1.0
366,-0.6311435198584728,-0.47072241016576966,-0.47934163551176356,-0.4748669654497216,0.0,0.0,1.0,0.0,1.0,0.0,0.0,1.0
367,0.44587624032485107,-0.47072241016576966,-0.47934163551176356,9.2377241678583,1.0,0.0,0.0,0.0,1.0,1.0,0.0,0.0
368,-0.09263363976681087,6.33444217943886,2.048741656965093,0.7117576276645045,0.0,0.0,1.0,1.0,0.0,0.0,0.0,1.0
369,-0.09263363976681087,1.2305687372353877,-0.47934163551176356,-0.17977533235478424,0.0,0.0,1.0,0.0,1.0,0.0,1.0,0.0
370,0.5228062231950885,-0.47072241016576966,0.7847000107266648,9.2377241678583,1.0,0.0,0.0,0.0,1.0,1.0,0.0,0.0
371,0.9074561375462755,-0.47072241016576966,5.840866595680379,0.13673812402355398,0.0,0.0,1.0,1.0,0.0,0.0,0.0,1.0
372,-0.47728355411799794,-0.47072241016576966,-0.47934163551176356,-0.48208780475873314,0.0,0.0,1.0,1.0,0.0,0.0,0.0,1.0
373,0.3689462574546136,0.3799231635348091,0.7847000107266648,-0.3501871400474561,0.0,0.0,1.0,0.0,1.0,0.0,0.0,1.0
374,-0.09263363976681087,-0.47072241016576966,-0.47934163551176356,0.007966489679515232,0.0,1.0,0.0,1.0,0.0,0.0,0.0,1.0
375,-0.09263363976681087,-0.47072241016576966,-0.47934163551176356,-0.16244531801315662,0.0,0.0,1.0,0.0,1.0,0.0,1.0,0.0
376,-1.0927234170798972,-0.47072241016576966,-0.47934163551176356,-0.48834586549320974,0.0,0.0,1.0,1.0,0.0,1.0,0.0,0.0
377,-0.09263363976681087,-0.47072241016576966,-0.47934163551176356,-0.4724600190133844,0.0,0.0,1.0,0.0,1.0,0.0,0.0,1.0
378,-0.8619334684691851,-0.47072241016576966,-0.47934163551176356,-0.47775530117332626,0.0,0.0,1.0,1.0,0.0,0.0,0.0,1.0
379,0.061226325973663974,-0.47072241016576966,-0.47934163551176356,-0.4724600190133844,0.0,0.0,1.0,0.0,1.0,0.0,0.0,1.0
380,0.21508629171413882,1.2305687372353877,-0.47934163551176356,0.7878171350527592,0.0,1.0,0.0,0.0,1.0,0.0,0.0,1.0
381,-1.9389532286525089,2.931859884636545,0.7847000107266648,-0.06664884984693713,0.0,0.0,1.0,0.0,1.0,0.0,1.0,0.0
382,-2.0928131943929835,2.931859884636545,0.7847000107266648,-0.06664884984693713,0.0,0.0,1.0,0.0,1.0,0.0,1.0,0.0
383,-0.09263363976681087,-0.47072241016576966,-0.47934163551176356,-0.4724600190133844,0.0,0.0,1.0,0.0,1.0,0.0,0.0,1.0
384,-0.09263363976681087,1.2305687372353877,-0.47934163551176356,-0.21002198405237166,0.0,0.0,1.0,0.0,1.0,1.0,0.0,0.0
385,1.4459660176379374,-0.47072241016576966,-0.47934163551176356,-0.12818580521690778,1.0,0.0,0.0,1.0,0.0,0.0,0.0,1.0
386,0.1381563088439014,-0.47072241016576966,-0.47934163551176356,-0.47823669046059364,0.0,0.0,1.0,0.0,1.0,0.0,1.0,0.0
387,1.3690360347677,-0.47072241016576966,-0.47934163551176356,0.027622577057219145,1.0,0.0,0.0,0.0,1.0,0.0,0.0,1.0
388,-0.2464936055072857,0.3799231635348091,-0.47934163551176356,-0.3174526685132705,0.0,0.0,1.0,1.0,0.0,0.0,0.0,1.0
389,-1.5543033143013218,3.7825054583371243,2.048741656965093,0.2756189334002088,0.0,0.0,1.0,0.0,1.0,0.0,0.0,1.0
390,-0.7850034855989476,-0.47072241016576966,-0.47934163551176356,-0.4724600190133844,0.0,0.0,1.0,0.0,1.0,0.0,0.0,1.0
391,-0.09263363976681087,-0.47072241016576966,-0.47934163551176356,-0.4724600190133844,0.0,0.0,1.0,0.0,1.0,0.0,0.0,1.0
392,-0.5542135369882354,-0.47072241016576966,-0.47934163551176356,-0.44742777607547785,0.0,0.0,1.0,0.0,1.0,0.0,0.0,1.0
393,-0.09263363976681087,-0.47072241016576966,-0.47934163551176356,-0.48834586549320974,0.0,0.0,1.0,0.0,1.0,1.0,0.0,0.0
394,-0.09263363976681087,-0.47072241016576966,0.7847000107266648,0.007966489679515232,0.0,1.0,0.0,0.0,1.0,0.0,0.0,1.0
395,-0.40035357124776055,1.2305687372353877,3.312783303203522,-0.2664254040629225,0.0,1.0,0.0,1.0,0.0,0.0,0.0,1.0
396,-0.9388634513394225,-0.47072241016576966,-0.47934163551176356,-0.4606659814753323,0.0,0.0,1.0,0.0,1.0,0.0,0.0,1.0
397,-0.09263363976681087,0.3799231635348091,-0.47934163551176356,-0.3290060114076889,0.0,0.0,1.0,0.0,1.0,0.0,1.0,0.0
398,-0.09263363976681087,2.0812143109359664,0.7847000107266648,-0.13709150703135536,0.0,0.0,1.0,1.0,0.0,0.0,0.0,1.0
399,-0.6311435198584728,-0.47072241016576966,-0.47934163551176356,-0.4724600190133844,0.0,0.0,1.0,0.0,1.0,0.0,0.0,1.0
400,1.6767559662486498,-0.47072241016576966,-0.47934163551176356,-0.11623194643548287,1.0,0.0,0.0,0.0,1.0,0.0,0.0,1.0
401,-2.015883211522746,2.0812143109359664,0.7847000107266648,-0.22165620034705105,0.0,0.0,1.0,1.0,0.0,0.0,0.0,1.0
402,-2.1889756729807806,1.2305687372353877,0.7847000107266648,-0.25663779707420104,0.0,0.0,1.0,1.0,0.0,1.0,0.0,0.0
403,-0.09263363976681087,-0.47072241016576966,-0.47934163551176356,-0.4882649920929489,0.0,0.0,1.0,0.0,1.0,1.0,0.0,0.0
404,0.3689462574546136,-0.47072241016576966,-0.47934163551176356,-0.4724600190133844,0.0,0.0,1.0,0.0,1.0,0.0,0.0,1.0
405,-0.8619334684691851,-0.47072241016576966,0.7847000107266648,-0.18458922522745858,0.0,1.0,0.0,1.0,0.0,0.0,0.0,1.0
406,1.1382460861569879,-0.47072241016576966,-0.47934163551176356,-0.09368752333417438,1.0,0.0,0.0,1.0,0.0,1.0,0.0,0.0
407,-0.09263363976681087,-0.47072241016576966,-0.47934163551176356,-0.3482615828983863,0.0,0.0,1.0,0.0,1.0,0.0,0.0,1.0
408,-0.09263363976681087,-0.47072241016576966,-0.47934163551176356,-0.44453944035187326,0.0,0.0,1.0,0.0,1.0,0.0,0.0,1.0
409,0.5997362060653258,-0.47072241016576966,-0.47934163551176356,-0.4428545778464372,0.0,0.0,1.0,1.0,0.0,0.0,0.0,1.0
410,-0.6311435198584728,0.3799231635348091,-0.47934163551176356,-0.40602829737047846,0.0,1.0,0.0,0.0,1.0,0.0,0.0,1.0
411,0.5228062231950885,0.3799231635348091,-0.47934163551176356,0.89083444252799,1.0,0.0,0.0,0.0,1.0,0.0,0.0,1.0
412,0.21508629171413882,-0.47072241016576966,-0.47934163551176356,-0.4748669654497216,0.0,0.0,1.0,0.0,1.0,0.0,0.0,1.0
413,-0.09263363976681087,0.3799231635348091,2.048741656965093,-0.17592421805664477,0.0,0.0,1.0,1.0,0.0,0.0,0.0,1.0
414,-0.2464936055072857,-0.47072241016576966,-0.47934163551176356,-0.47775530117332626,0.0,0.0,1.0,0.0,1.0,0.0,0.0,1.0
415,3.907725469485535,-0.47072241016576966,-0.47934163551176356,-0.04980022479257691,1.0,0.0,0.0,0.0,1.0,0.0,0.0,1.0
416,2.022940889164718,-0.47072241016576966,-0.47934163551176356,-0.4724600190133844,0.0,0.0,1.0,0.0,1.0,0.0,0.0,1.0
417,2.3691258120807865,0.3799231635348091,0.7847000107266648,0.12349991862369952,0.0,1.0,0.0,0.0,1.0,0.0,0.0,1.0
418,-0.09263363976681087,-0.47072241016576966,-0.47934163551176356,-0.4785582585044883,0.0,0.0,1.0,0.0,1.0,0.0,1.0,0.0
419,-0.8619334684691851,-0.47072241016576966,-0.47934163551176356,-0.47775530117332626,0.0,0.0,1.0,0.0,1.0,0.0,0.0,1.0
420,-1.131188408515016,0.3799231635348091,-0.47934163551176356,-0.34914348807266027,0.0,0.0,1.0,1.0,0.0,1.0,0.0,0.0
421,-0.7850034855989476,-0.47072241016576966,-0.47934163551176356,-0.42528386886117586,0.0,1.0,0.0,0.0,1.0,0.0,0.0,1.0
422,-1.9389532286525089,1.2305687372353877,0.7847000107266648,0.12349991862369952,0.0,1.0,0.0,1.0,0.0,0.0,0.0,1.0
423,0.29201627458437623,-0.47072241016576966,-0.47934163551176356,-0.4608258027187051,0.0,0.0,1.0,0.0,1.0,0.0,0.0,1.0
424,-0.6311435198584728,-0.47072241016576966,-0.47934163551176356,-0.4785582585044883,0.0,0.0,1.0,0.0,1.0,0.0,1.0,0.0
425,-1.4773733314310844,-0.47072241016576966,2.048741656965093,-0.16244531801315662,0.0,0.0,1.0,1.0,0.0,0.0,0.0,1.0
426,1.3690360347677,-0.47072241016576966,-0.47934163551176356,-0.33863379715303765,0.0,1.0,0.0,0.0,1.0,0.0,0.0,1.0
427,-2.0928131943929835,2.931859884636545,2.048741656965093,-0.02524937114193778,0.0,0.0,1.0,1.0,0.0,0.0,0.0,1.0
428,-0.015703656896573447,0.3799231635348091,-0.47934163551176356,-0.12682251075536644,0.0,1.0,0.0,1.0,0.0,0.0,0.0,1.0
429,-0.5542135369882354,0.3799231635348091,-0.47934163551176356,0.6549536917669472,1.0,0.0,0.0,1.0,0.0,0.0,0.0,1.0
430,-0.09263363976681087,0.3799231635348091,-0.47934163551176356,-0.32226656138594484,0.0,0.0,1.0,0.0,1.0,0.0,0.0,1.0
431,-0.09263363976681087,-0.47072241016576966,-0.47934163551176356,-0.05557689623978614,1.0,0.0,0.0,0.0,1.0,1.0,0.0,0.0
432,-0.2464936055072857,-0.47072241016576966,-0.47934163551176356,-0.2657033201320213,0.0,0.0,1.0,0.0,1.0,1.0,0.0,0.0
433,0.29201627458437623,-0.47072241016576966,-0.47934163551176356,-0.44453944035187326,0.0,0.0,1.0,0.0,1.0,0.0,0.0,1.0
434,-0.16956362263704827,-0.47072241016576966,-0.47934163551176356,-0.42528386886117586,0.0,1.0,0.0,1.0,0.0,0.0,0.0,1.0
435,-0.16956362263704827,-0.47072241016576966,2.048741656965093,-0.41308931543611727,0.0,0.0,1.0,1.0,0.0,0.0,0.0,1.0
436,0.3689462574546136,-0.47072241016576966,-0.47934163551176356,-0.3771449401344324,0.0,1.0,0.0,0.0,1.0,0.0,0.0,1.0
437,-0.09263363976681087,-0.47072241016576966,-0.47934163551176356,-0.4882649920929489,0.0,0.0,1.0,0.0,1.0,1.0,0.0,0.0
438,0.061226325973663974,-0.47072241016576966,-0.47934163551176356,-0.09312526064664603,1.0,0.0,0.0,0.0,1.0,1.0,0.0,0.0
439,0.061226325973663974,0.3799231635348091,-0.47934163551176356,-0.3174526685132705,0.0,0.0,1.0,0.0,1.0,0.0,0.0,1.0
440,-0.09263363976681087,-0.47072241016576966,-0.47934163551176356,-0.38966106160338565,0.0,1.0,0.0,1.0,0.0,0.0,1.0,0.0
441,-0.09263363976681087,-0.47072241016576966,-0.47934163551176356,-0.47775530117332626,0.0,0.0,1.0,0.0,1.0,0.0,0.0,1.0
442,1.8306159319891246,1.2305687372353877,-0.47934163551176356,0.36379404637041024,1.0,0.0,0.0,1.0,0.0,0.0,0.0,1.0
443,0.21508629171413882,-0.47072241016576966,-0.47934163551176356,-0.4748669654497216,0.0,0.0,1.0,0.0,1.0,0.0,0.0,1.0
444,1.7536859491188872,-0.47072241016576966,-0.47934163551176356,-0.3771449401344324,0.0,1.0,0.0,0.0,1.0,0.0,0.0,1.0
445,1.7536859491188872,0.3799231635348091,0.7847000107266648,0.9062388997205482,1.0,0.0,0.0,0.0,1.0,0.0,0.0,1.0
446,0.7535961718058007,0.3799231635348091,5.840866595680379,-0.02524937114193778,0.0,0.0,1.0,1.0,0.0,0.0,0.0,1.0
447,-2.0928131943929835,0.3799231635348091,2.048741656965093,2.2907144899016902,1.0,0.0,0.0,1.0,0.0,0.0,0.0,1.0
448,1.1382460861569879,-0.47072241016576966,-0.47934163551176356,-0.4748669654497216,0.0,0.0,1.0,0.0,1.0,0.0,0.0,1.0
449,1.6767559662486498,-0.47072241016576966,-0.47934163551176356,-0.3862913365925137,0.0,1.0,0.0,0.0,1.0,0.0,0.0,1.0
450,0.7535961718058007,-0.47072241016576966,-0.47934163551176356,-0.12682251075536644,0.0,1.0,0.0,0.0,1.0,0.0,0.0,1.0
451,1.2921060518974627,-0.47072241016576966,-0.47934163551176356,0.8975738925497343,1.0,0.0,0.0,0.0,1.0,1.0,0.0,0.0
452,-0.9388634513394225,-0.47072241016576966,2.048741656965093,1.5076539407609466,1.0,0.0,0.0,0.0,1.0,1.0,0.0,0.0
453,0.061226325973663974,-0.47072241016576966,-0.47934163551176356,-0.4724600190133844,0.0,0.0,1.0,0.0,1.0,0.0,0.0,1.0
454,-1.5543033143013218,1.2305687372353877,2.048741656965093,0.03444290047922413,0.0,0.0,1.0,1.0,0.0,0.0,0.0,1.0
455,-0.16956362263704827,-0.47072241016576966,-0.47934163551176356,-0.47735478528631975,0.0,0.0,1.0,0.0,1.0,0.0,0.0,1.0
456,-0.6311435198584728,-0.47072241016576966,-0.47934163551176356,-0.4606659814753323,0.0,0.0,1.0,0.0,1.0,0.0,0.0,1.0
457,-0.09263363976681087,-0.47072241016576966,-0.47934163551176356,0.46039154631064283,0.0,0.0,1.0,0.0,1.0,0.0,0.0,1.0
458,-0.2464936055072857,-0.47072241016576966,-0.47934163551176356,-0.47542922813724997,0.0,0.0,1.0,0.0,1.0,0.0,0.0,1.0
459,-2.015883211522746,0.3799231635348091,0.7847000107266648,-0.32130378281141003,0.0,0.0,1.0,0.0,1.0,0.0,0.0,1.0
460,1.4459660176379374,-0.47072241016576966,-0.47934163551176356,-0.3771449401344324,0.0,1.0,0.0,0.0,1.0,0.0,0.0,1.0
461,0.5228062231950885,-0.47072241016576966,-0.47934163551176356,1.9842293351557068,1.0,0.0,0.0,1.0,0.0,1.0,0.0,0.0
462,-0.09263363976681087,0.3799231635348091,-0.47934163551176356,-0.3290060114076889,0.0,0.0,1.0,1.0,0.0,0.0,1.0,0.0
463,0.2535512831492575,-0.47072241016576966,-0.47934163551176356,-0.3771449401344324,0.0,1.0,0.0,1.0,0.0,0.0,0.0,1.0
464,0.29201627458437623,-0.47072241016576966,-0.47934163551176356,1.0381395644318252,1.0,0.0,0.0,1.0,0.0,0.0,0.0,1.0
465,-0.5542135369882354,0.3799231635348091,2.048741656965093,0.1731638886125062,0.0,1.0,0.0,1.0,0.0,1.0,0.0,0.0
466,-0.7850034855989476,-0.47072241016576966,-0.47934163551176356,-0.49749226195129104,0.0,0.0,1.0,0.0,1.0,0.0,1.0,0.0
467,3.446145572264111,-0.47072241016576966,-0.47934163551176356,-0.47775530117332626,0.0,0.0,1.0,0.0,1.0,0.0,0.0,1.0
468,0.984386120416513,-0.47072241016576966,0.7847000107266648,-0.46563969559137947,0.0,0.0,1.0,0.0,1.0,0.0,0.0,1.0
469,0.8305261546760382,-0.47072241016576966,-0.47934163551176356,2.3275407703776487,1.0,0.0,0.0,1.0,0.0,0.0,0.0,1.0
470,0.44587624032485107,0.3799231635348091,0.7847000107266648,-0.23754204682687638,0.0,0.0,1.0,1.0,0.0,0.0,0.0,1.0
471,-0.40035357124776055,-0.47072241016576966,-0.47934163551176356,-0.4570555618208265,0.0,0.0,1.0,1.0,0.0,0.0,0.0,1.0
472,0.7535961718058007,-0.47072241016576966,-0.47934163551176356,-0.4748669654497216,0.0,0.0,1.0,0.0,1.0,0.0,0.0,1.0
473,0.2535512831492575,0.3799231635348091,-0.47934163551176356,-0.04843693033103557,0.0,1.0,0.0,0.0,1.0,1.0,0.0,0.0
474,-2.169743177263221,1.2305687372353877,0.7847000107266648,0.12349991862369952,0.0,1.0,0.0,0.0,1.0,0.0,0.0,1.0
475,0.3689462574546136,-0.47072241016576966,-0.47934163551176356,-0.5023870282242263,0.0,0.0,1.0,0.0,1.0,0.0,0.0,1.0
476,2.6768457435617363,0.3799231635348091,4.57682494944195,4.436747932539913,1.0,0.0,0.0,0.0,1.0,0.0,0.0,1.0
477,-0.3234235883775231,-0.47072241016576966,-0.47934163551176356,-0.47775530117332626,0.0,0.0,1.0,1.0,0.0,0.0,0.0,1.0
478,-0.09263363976681087,-0.47072241016576966,-0.47934163551176356,-0.4724600190133844,0.0,0.0,1.0,1.0,0.0,0.0,0.0,1.0
479,-2.169743177263221,0.3799231635348091,2.048741656965093,-0.23128398609239975,0.0,0.0,1.0,0.0,1.0,0.0,0.0,1.0
480,1.2151760690272253,-0.47072241016576966,-0.47934163551176356,-0.4931597583658841,0.0,0.0,1.0,0.0,1.0,0.0,0.0,1.0
481,0.1381563088439014,0.3799231635348091,0.7847000107266648,-0.1220086178826921,0.0,1.0,0.0,0.0,1.0,0.0,0.0,1.0
482,-0.6311435198584728,0.3799231635348091,-0.47934163551176356,-0.4382813796173966,0.0,0.0,1.0,1.0,0.0,0.0,0.0,1.0
483,-0.3234235883775231,-0.47072241016576966,-0.47934163551176356,-0.47542922813724997,0.0,0.0,1.0,0.0,1.0,0.0,0.0,1.0
484,-1.0927234170798972,-0.47072241016576966,0.7847000107266648,3.4419569704017596,1.0,0.0,0.0,1.0,0.0,0.0,0.0,1.0
485,-0.2464936055072857,-0.47072241016576966,-0.47934163551176356,-0.4755890493806228,0.0,0.0,1.0,0.0,1.0,0.0,0.0,1.0
486,0.061226325973663974,-0.47072241016576966,-0.47934163551176356,-0.42528386886117586,0.0,1.0,0.0,0.0,1.0,0.0,0.0,1.0
487,-0.40035357124776055,-0.47072241016576966,-0.47934163551176356,0.7069437347918301,1.0,0.0,0.0,1.0,0.0,1.0,0.0,0.0
488,0.44587624032485107,-0.47072241016576966,-0.47934163551176356,-0.42528386886117586,0.0,1.0,0.0,0.0,1.0,0.0,0.0,1.0
489,3.138425640783161,-0.47072241016576966,-0.47934163551176356,-0.42528386886117586,0.0,1.0,0.0,0.0,1.0,0.0,0.0,1.0
490,-0.09263363976681087,-0.47072241016576966,-0.47934163551176356,-0.6274673695134984,1.0,0.0,0.0,0.0,1.0,0.0,0.0,1.0
491,-0.6311435198584728,-0.47072241016576966,-0.47934163551176356,-0.3174526685132705,0.0,0.0,1.0,0.0,1.0,0.0,0.0,1.0
492,-0.8619334684691851,-0.47072241016576966,0.7847000107266648,-0.44742777607547785,0.0,0.0,1.0,1.0,0.0,0.0,0.0,1.0
493,-0.09263363976681087,-0.47072241016576966,-0.47934163551176356,-0.47077515650794843,0.0,0.0,1.0,1.0,0.0,0.0,1.0,0.0
494,-2.169743177263221,3.7825054583371243,2.048741656965093,0.2756189334002088,0.0,0.0,1.0,0.0,1.0,0.0,0.0,1.0
495,-0.09263363976681087,6.33444217943886,2.048741656965093,0.7117576276645045,0.0,0.0,1.0,1.0,0.0,0.0,0.0,1.0
496,-0.2464936055072857,-0.47072241016576966,-0.47934163551176356,0.46039154631064283,0.0,0.0,1.0,0.0,1.0,0.0,0.0,1.0
497,-0.3234235883775231,0.3799231635348091,-0.47934163551176356,-0.47775530117332626,0.0,0.0,1.0,0.0,1.0,0.0,0.0,1.0
498,-0.09263363976681087,-0.47072241016576966,-0.47934163551176356,-0.6274673695134984,0.0,1.0,0.0,0.0,1.0,0.0,0.0,1.0
499,-0.7080735027287102,-0.47072241016576966,-0.47934163551176356,-0.44453944035187326,0.0,0.0,1.0,0.0,1.0,0.0,0.0,1.0
500,1.907545914859362,0.3799231635348091,-0.47934163551176356,0.8796026676774664,1.0,0.0,0.0,1.0,0.0,1.0,0.0,0.0
501,-0.5542135369882354,-0.47072241016576966,-0.47934163551176356,-0.4724600190133844,0.0,0.0,1.0,0.0,1.0,0.0,0.0,1.0
502,2.292195829210549,-0.47072241016576966,-0.47934163551176356,-0.3675171543890837,0.0,1.0,0.0,0.0,1.0,0.0,0.0,1.0
503,1.907545914859362,0.3799231635348091,3.312783303203522,-0.18458922522745858,0.0,1.0,0.0,1.0,0.0,0.0,0.0,1.0
504,-0.16956362263704827,-0.47072241016576966,-0.47934163551176356,-0.040172439047228226,1.0,0.0,0.0,0.0,1.0,0.0,0.0,1.0
505,0.1381563088439014,0.3799231635348091,-0.47934163551176356,0.3738223480027655,1.0,0.0,0.0,0.0,1.0,0.0,0.0,1.0
506,-0.5542135369882354,-0.47072241016576966,-0.47934163551176356,1.9842293351557068,1.0,0.0,0.0,0.0,1.0,1.0,0.0,0.0
507,0.29201627458437623,-0.47072241016576966,-0.47934163551176356,-0.5311895120600114,1.0,0.0,0.0,0.0,1.0,0.0,0.0,1.0
508,-1.785093262912034,-0.47072241016576966,0.7847000107266648,-0.3872541151670485,0.0,0.0,1.0,0.0,1.0,0.0,0.0,1.0
509,-1.8620232457822714,2.931859884636545,2.048741656965093,-0.02308311934923431,0.0,0.0,1.0,1.0,0.0,0.0,0.0,1.0
510,0.7535961718058007,-0.47072241016576966,-0.47934163551176356,-0.6274673695134984,1.0,0.0,0.0,0.0,1.0,0.0,0.0,1.0
511,-0.36188857981264183,-0.47072241016576966,-0.47934163551176356,-0.4724600190133844,0.0,0.0,1.0,0.0,1.0,0.0,0.0,1.0
512,1.907545914859362,-0.47072241016576966,-0.47934163551176356,-0.35788936864373505,0.0,1.0,0.0,0.0,1.0,0.0,0.0,1.0
513,-0.09263363976681087,-0.47072241016576966,-0.47934163551176356,-0.48208780475873314,0.0,0.0,1.0,0.0,1.0,0.0,0.0,1.0
514,-0.09263363976681087,-0.47072241016576966,-0.47934163551176356,-0.47542922813724997,0.0,0.0,1.0,0.0,1.0,0.0,0.0,1.0
515,0.061226325973663974,-0.47072241016576966,-0.47934163551176356,-0.4882649920929489,0.0,0.0,1.0,0.0,1.0,1.0,0.0,0.0
516,-0.09263363976681087,-0.47072241016576966,-0.47934163551176356,-0.47574887062399557,0.0,0.0,1.0,1.0,0.0,0.0,1.0,0.0
517,0.44587624032485107,-0.47072241016576966,-0.47934163551176356,9.2377241678583,1.0,0.0,0.0,1.0,0.0,1.0,0.0,0.0
518,-0.6311435198584728,-0.47072241016576966,-0.47934163551176356,0.8736642494297352,1.0,0.0,0.0,1.0,0.0,0.0,0.0,1.0
519,0.21508629171413882,-0.47072241016576966,-0.47934163551176356,-0.040172439047228226,1.0,0.0,0.0,0.0,1.0,1.0,0.0,0.0
520,-1.01579343420966,-0.47072241016576966,-0.47934163551176356,-0.44453944035187326,0.0,0.0,1.0,0.0,1.0,0.0,0.0,1.0
521,-0.5542135369882354,-0.47072241016576966,-0.47934163551176356,-0.48786447620594237,0.0,0.0,1.0,1.0,0.0,0.0,0.0,1.0
522,-0.09263363976681087,-0.47072241016576966,-0.47934163551176356,-0.47542922813724997,0.0,0.0,1.0,0.0,1.0,0.0,0.0,1.0
523,0.6766661889355633,0.3799231635348091,-0.47934163551176356,1.105534064649266,1.0,0.0,0.0,0.0,1.0,0.0,0.0,1.0
524,-0.09263363976681087,6.33444217943886,2.048741656965093,0.7117576276645045,0.0,0.0,1.0,0.0,1.0,0.0,0.0,1.0
525,-0.3234235883775231,0.3799231635348091,-0.47934163551176356,-0.12682251075536644,0.0,1.0,0.0,0.0,1.0,0.0,0.0,1.0
526,0.29201627458437623,0.3799231635348091,2.048741656965093,-0.09312526064664603,0.0,1.0,0.0,1.0,0.0,0.0,0.0,1.0
527,-0.09263363976681087,0.3799231635348091,-0.47934163551176356,-0.3174526685132705,0.0,0.0,1.0,1.0,0.0,0.0,0.0,1.0
528,-0.8619334684691851,0.3799231635348091,-0.47934163551176356,1.4694643658234467,1.0,0.0,0.0,0.0,1.0,1.0,0.0,0.0
529,-0.09263363976681087,0.3799231635348091,-0.47934163551176356,-0.3174526685132705,0.0,0.0,1.0,0.0,1.0,0.0,0.0,1.0
530,-0.09263363976681087,-0.47072241016576966,-0.47934163551176356,-0.47542922813724997,0.0,0.0,1.0,0.0,1.0,0.0,0.0,1.0
531,-2.0928131943929835,2.931859884636545,0.7847000107266648,0.13673812402355398,0.0,0.0,1.0,0.0,1.0,0.0,0.0,1.0
532,-2.2143625673279588,-0.47072241016576966,0.7847000107266648,-0.463473443798676,0.0,0.0,1.0,0.0,1.0,1.0,0.0,0.0
533,-0.2464936055072857,-0.47072241016576966,-0.47934163551176356,-0.42528386886117586,0.0,1.0,0.0,0.0,1.0,0.0,0.0,1.0
534,0.9074561375462755,-0.47072241016576966,-0.47934163551176356,-0.4902714226422795,0.0,0.0,1.0,0.0,1.0,0.0,0.0,1.0
535,1.4459660176379374,0.3799231635348091,-0.47934163551176356,0.8499972265105193,1.0,0.0,0.0,0.0,1.0,1.0,0.0,0.0
536,1.4459660176379374,0.3799231635348091,2.048741656965093,0.6241447773818315,0.0,1.0,0.0,1.0,0.0,0.0,0.0,1.0
537,1.4459660176379374,0.3799231635348091,-0.47934163551176356,0.13505326151811797,1.0,0.0,0.0,1.0,0.0,1.0,0.0,0.0
538,-1.9389532286525089,2.931859884636545,2.048741656965093,-0.02524937114193778,0.0,0.0,1.0,0.0,1.0,0.0,0.0,1.0
539,0.7535961718058007,0.3799231635348091,-0.47934163551176356,0.44891907681648524,1.0,0.0,0.0,1.0,0.0,0.0,0.0,1.0
540,0.29201627458437623,2.0812143109359664,-0.47934163551176356,-0.32226656138594484,0.0,0.0,1.0,1.0,0.0,0.0,0.0,1.0
541,-0.015703656896573447,-0.47072241016576966,-0.47934163551176356,-0.42528386886117586,0.0,1.0,0.0,0.0,1.0,0.0,0.0,1.0
542,1.5228960005081749,0.3799231635348091,0.7847000107266648,1.5076539407609466,1.0,0.0,0.0,0.0,1.0,1.0,0.0,0.0
543,-0.09263363976681087,6.33444217943886,2.048741656965093,0.7117576276645045,0.0,0.0,1.0,0.0,1.0,0.0,0.0,1.0
544,-0.09263363976681087,-0.47072241016576966,-0.47934163551176356,-0.4882649920929489,0.0,0.0,1.0,0.0,1.0,1.0,0.0,0.0
545,0.984386120416513,0.3799231635348091,-0.47934163551176356,0.3738223480027655,1.0,0.0,0.0,0.0,1.0,0.0,0.0,1.0
546,0.5228062231950885,-0.47072241016576966,2.048741656965093,0.7396782063260158,1.0,0.0,0.0,1.0,0.0,0.0,0.0,1.0
547,2.446055794951024,-0.47072241016576966,-0.47934163551176356,0.01759427542486392,1.0,0.0,0.0,0.0,1.0,0.0,0.0,1.0
548,-0.8619334684691851,-0.47072241016576966,-0.47934163551176356,-0.49749226195129104,0.0,0.0,1.0,1.0,0.0,0.0,1.0,0.0
549,-0.8619334684691851,-0.47072241016576966,-0.47934163551176356,-0.483131456733529,0.0,0.0,1.0,1.0,0.0,0.0,0.0,1.0
550,-2.195130071610399,0.3799231635348091,0.7847000107266648,-0.3482615828983863,0.0,1.0,0.0,0.0,1.0,0.0,0.0,1.0
551,0.21508629171413882,-0.47072241016576966,-0.47934163551176356,0.46039154631064283,0.0,0.0,1.0,0.0,1.0,0.0,0.0,1.0
552,-0.09263363976681087,-0.47072241016576966,-0.47934163551176356,-0.4724600190133844,0.0,0.0,1.0,0.0,1.0,0.0,0.0,1.0
553,-0.09263363976681087,-0.47072241016576966,-0.47934163551176356,-0.4724600190133844,0.0,0.0,1.0,0.0,1.0,0.0,0.0,1.0
554,-0.09263363976681087,0.3799231635348091,-0.47934163551176356,-0.34914348807266027,0.0,0.0,1.0,1.0,0.0,1.0,0.0,0.0
555,-1.01579343420966,-0.47072241016576966,-0.47934163551176356,-0.4724600190133844,0.0,0.0,1.0,0.0,1.0,0.0,0.0,1.0
556,0.1381563088439014,0.3799231635348091,-0.47934163551176356,0.4701002054562524,1.0,0.0,0.0,0.0,1.0,0.0,0.0,1.0
557,1.4459660176379374,-0.47072241016576966,-0.47934163551176356,-0.11623194643548287,1.0,0.0,0.0,0.0,1.0,0.0,0.0,1.0
558,-0.5542135369882354,-0.47072241016576966,-0.47934163551176356,-0.48834586549320974,0.0,0.0,1.0,0.0,1.0,1.0,0.0,0.0
559,-1.246583382820372,-0.47072241016576966,-0.47934163551176356,-0.4882649920929489,0.0,0.0,1.0,1.0,0.0,1.0,0.0,0.0
560,0.21508629171413882,0.3799231635348091,-0.47934163551176356,-0.32226656138594484,0.0,0.0,1.0,0.0,1.0,0.0,0.0,1.0
561,-0.09263363976681087,1.2305687372353877,-0.47934163551176356,-0.4748669654497216,0.0,0.0,1.0,0.0,1.0,0.0,0.0,1.0
562,1.2921060518974627,-0.47072241016576966,-0.47934163551176356,-0.12682251075536644,0.0,1.0,0.0,0.0,1.0,0.0,0.0,1.0
563,-0.09263363976681087,-0.47072241016576966,-0.47934163551176356,-0.47735478528631975,0.0,0.0,1.0,0.0,1.0,0.0,0.0,1.0
564,0.984386120416513,0.3799231635348091,-0.47934163551176356,-0.10756693926466906,0.0,1.0,0.0,0.0,1.0,0.0,0.0,1.0
565,0.44587624032485107,-0.47072241016576966,-0.47934163551176356,-0.4724600190133844,0.0,0.0,1.0,0.0,1.0,0.0,0.0,1.0
566,-2.0928131943929835,2.0812143109359664,2.048741656965093,-0.09023692492304144,0.0,0.0,1.0,1.0,0.0,0.0,0.0,1.0
567,0.1381563088439014,-0.47072241016576966,-0.47934163551176356,-0.4602654655883258,0.0,0.0,1.0,1.0,0.0,0.0,0.0,1.0
568,-0.09263363976681087,0.3799231635348091,-0.47934163551176356,-0.3290060114076889,0.0,0.0,1.0,1.0,0.0,0.0,1.0,0.0
569,-0.09263363976681087,-0.47072241016576966,-0.47934163551176356,-0.47542922813724997,0.0,0.0,1.0,0.0,1.0,0.0,0.0,1.0
570,-0.7850034855989476,0.3799231635348091,-0.47934163551176356,-0.12682251075536644,0.0,1.0,0.0,1.0,0.0,0.0,0.0,1.0
571,-0.7080735027287102,-0.47072241016576966,-0.47934163551176356,-0.4606659814753323,0.0,0.0,1.0,0.0,1.0,0.0,0.0,1.0
572,-1.1696533999501346,3.7825054583371243,2.048741656965093,0.2756189334002088,0.0,0.0,1.0,0.0,1.0,0.0,0.0,1.0
573,0.3689462574546136,-0.47072241016576966,0.7847000107266648,-0.18458922522745858,0.0,1.0,0.0,1.0,0.0,0.0,0.0,1.0
574,-0.09263363976681087,-0.47072241016576966,-0.47934163551176356,-0.4784773851042274,0.0,0.0,1.0,1.0,0.0,0.0,1.0,0.0
575,-0.09263363976681087,-0.47072241016576966,-0.47934163551176356,-0.47823669046059364,0.0,0.0,1.0,1.0,0.0,0.0,1.0,0.0
576,1.6767559662486498,-0.47072241016576966,-0.47934163551176356,-0.47823669046059364,0.0,0.0,1.0,0.0,1.0,0.0,0.0,1.0
577,-0.09263363976681087,-0.47072241016576966,-0.47934163551176356,-0.4805627634966699,0.0,0.0,1.0,1.0,0.0,0.0,1.0,0.0
578,-0.09263363976681087,-0.47072241016576966,-0.47934163551176356,-0.47823669046059364,0.0,0.0,1.0,1.0,0.0,0.0,1.0,0.0
579,-0.09263363976681087,-0.47072241016576966,-0.47934163551176356,-0.47823669046059364,0.0,0.0,1.0,1.0,0.0,0.0,1.0,0.0
580,-0.09263363976681087,-0.47072241016576966,-0.47934163551176356,-0.44453944035187326,0.0,0.0,1.0,0.0,1.0,0.0,0.0,1.0
581,-0.3234235883775231,-0.47072241016576966,-0.47934163551176356,-0.3771449401344324,0.0,1.0,0.0,0.0,1.0,0.0,0.0,1.0
582,-0.7850034855989476,2.0812143109359664,2.048741656965093,4.436747932539913,1.0,0.0,0.0,0.0,1.0,0.0,0.0,1.0
583,0.44587624032485107,-0.47072241016576966,-0.47934163551176356,-0.47542922813724997,0.0,0.0,1.0,0.0,1.0,1.0,0.0,0.0
584,0.44587624032485107,0.3799231635348091,-0.47934163551176356,0.9798914606724655,1.0,0.0,0.0,1.0,0.0,0.0,0.0,1.0
585,-1.5543033143013218,0.3799231635348091,0.7847000107266648,-0.32130378281141003,0.0,0.0,1.0,0.0,1.0,0.0,0.0,1.0
586,-0.7080735027287102,-0.47072241016576966,-0.47934163551176356,-0.5502043889070751,0.0,0.0,1.0,0.0,1.0,1.0,0.0,0.0
587,0.984386120416513,-0.47072241016576966,-0.47934163551176356,-0.3771449401344324,0.0,1.0,0.0,0.0,1.0,0.0,0.0,1.0
588,0.061226325973663974,-0.47072241016576966,-0.47934163551176356,-0.3771449401344324,0.0,1.0,0.0,0.0,1.0,0.0,0.0,1.0
589,-0.09263363976681087,-0.47072241016576966,-0.47934163551176356,-0.6274673695134984,0.0,1.0,0.0,0.0,1.0,0.0,0.0,1.0
590,-0.6311435198584728,-0.47072241016576966,-0.47934163551176356,-0.47735478528631975,0.0,0.0,1.0,0.0,1.0,0.0,0.0,1.0
591,1.3690360347677,-0.47072241016576966,-0.47934163551176356,-0.48786447620594237,0.0,0.0,1.0,0.0,1.0,0.0,0.0,1.0
592,-0.3234235883775231,0.3799231635348091,2.048741656965093,2.2907144899016902,1.0,0.0,0.0,1.0,0.0,0.0,0.0,1.0
593,-1.01579343420966,-0.47072241016576966,-0.47934163551176356,-0.4499945437551878,0.0,0.0,1.0,0.0,1.0,0.0,0.0,1.0
594,1.2151760690272253,0.3799231635348091,-0.47934163551176356,0.9798914606724655,1.0,0.0,0.0,0.0,1.0,0.0,0.0,1.0
595,0.6766661889355633,-0.47072241016576966,-0.47934163551176356,-0.4606659814753323,0.0,0.0,1.0,0.0,1.0,0.0,0.0,1.0
596,2.0614058805998368,-0.47072241016576966,-0.47934163551176356,0.056105418406258684,1.0,0.0,0.0,0.0,1.0,1.0,0.0,0.0
597,-0.09263363976681087,0.3799231635348091,0.7847000107266648,-0.1969455254530391,0.0,0.0,1.0,1.0,0.0,1.0,0.0,0.0
598,0.1381563088439014,-0.47072241016576966,-0.47934163551176356,0.34485811736645855,1.0,0.0,0.0,0.0,1.0,0.0,0.0,1.0
599,0.061226325973663974,-0.47072241016576966,-0.47934163551176356,1.172928564866707,1.0,0.0,0.0,1.0,0.0,0.0,0.0,1.0
600,-0.09263363976681087,-0.47072241016576966,-0.47934163551176356,-0.09368752333417438,1.0,0.0,0.0,0.0,1.0,1.0,0.0,0.0
601,-1.1696533999501346,-0.47072241016576966,-0.47934163551176356,-0.476230259911263,0.0,0.0,1.0,1.0,0.0,0.0,0.0,1.0
602,-1.01579343420966,-0.47072241016576966,-0.47934163551176356,-0.4785582585044883,0.0,0.0,1.0,1.0,0.0,0.0,1.0,0.0
603,0.8305261546760382,0.3799231635348091,-0.47934163551176356,-0.44502082963914064,0.0,0.0,1.0,1.0,0.0,0.0,0.0,1.0
604,1.9844758977295993,-0.47072241016576966,-0.47934163551176356,-0.040172439047228226,1.0,0.0,0.0,0.0,1.0,0.0,0.0,1.0
605,-0.7850034855989476,-0.47072241016576966,-0.47934163551176356,-0.47775530117332626,0.0,0.0,1.0,0.0,1.0,0.0,0.0,1.0
606,1.2151760690272253,-0.47072241016576966,-0.47934163551176356,-0.11623194643548287,1.0,0.0,0.0,0.0,1.0,0.0,0.0,1.0
607,0.5228062231950885,0.3799231635348091,2.048741656965093,1.6832012093701876,1.0,0.0,0.0,1.0,0.0,0.0,0.0,1.0
608,-0.16956362263704827,-0.47072241016576966,-0.47934163551176356,-0.4748669654497216,0.0,0.0,1.0,1.0,0.0,0.0,0.0,1.0
609,1.5228960005081749,0.3799231635348091,-0.47934163551176356,0.8499972265105193,1.0,0.0,0.0,1.0,0.0,1.0,0.0,0.0
610,0.9074561375462755,-0.47072241016576966,-0.47934163551176356,1.9624069959852997,1.0,0.0,0.0,1.0,0.0,1.0,0.0,0.0
611,-0.7850034855989476,0.3799231635348091,-0.47934163551176356,0.39500347664253266,1.0,0.0,0.0,0.0,1.0,0.0,0.0,1.0
612,0.29201627458437623,-0.47072241016576966,-0.47934163551176356,-0.47775530117332626,0.0,0.0,1.0,0.0,1.0,0.0,0.0,1.0
613,-0.16956362263704827,0.3799231635348091,-0.47934163551176356,0.39500347664253266,1.0,0.0,0.0,0.0,1.0,0.0,0.0,1.0
614,-0.09263363976681087,-0.47072241016576966,-0.47934163551176356,-0.09368752333417438,1.0,0.0,0.0,0.0,1.0,1.0,0.0,0.0
615,0.44587624032485107,-0.47072241016576966,-0.47934163551176356,-0.12128653395179091,1.0,0.0,0.0,0.0,1.0,0.0,0.0,1.0
616,-0.015703656896573447,0.3799231635348091,0.7847000107266648,-0.42600595279207704,0.0,0.0,1.0,1.0,0.0,0.0,0.0,1.0
617,0.061226325973663974,2.0812143109359664,-0.47934163551176356,-0.22310036820885334,0.0,1.0,0.0,1.0,0.0,0.0,0.0,1.0
618,0.3689462574546136,-0.47072241016576966,-0.47934163551176356,-0.4724600190133844,0.0,0.0,1.0,0.0,1.0,0.0,0.0,1.0
619,-0.015703656896573447,-0.47072241016576966,-0.47934163551176356,-0.47542922813724997,0.0,0.0,1.0,0.0,1.0,1.0,0.0,0.0
620,-0.7850034855989476,-0.47072241016576966,-0.47934163551176356,-0.04980022479257691,1.0,0.0,0.0,1.0,0.0,0.0,0.0,1.0
621,0.44587624032485107,-0.47072241016576966,-0.47934163551176356,1.9842293351557068,1.0,0.0,0.0,1.0,0.0,0.0,0.0,1.0
622,-0.09263363976681087,6.33444217943886,2.048741656965093,0.7117576276645045,0.0,0.0,1.0,0.0,1.0,0.0,0.0,1.0
623,0.8305261546760382,-0.47072241016576966,-0.47934163551176356,-0.3241921185350146,0.0,1.0,0.0,1.0,0.0,0.0,0.0,1.0
624,2.5229857778212614,-0.47072241016576966,-0.47934163551176356,-0.11623194643548287,1.0,0.0,0.0,0.0,1.0,0.0,0.0,1.0
625,-0.3234235883775231,0.3799231635348091,-0.47934163551176356,-0.4748669654497216,0.0,0.0,1.0,1.0,0.0,0.0,0.0,1.0
626,-0.2464936055072857,-0.47072241016576966,-0.47934163551176356,-0.4724600190133844,0.0,0.0,1.0,0.0,1.0,0.0,0.0,1.0
627,-0.8619334684691851,-0.47072241016576966,0.7847000107266648,-0.34914348807266027,0.0,0.0,1.0,1.0,0.0,1.0,0.0,0.0
628,0.3689462574546136,0.3799231635348091,-0.47934163551176356,-0.22310036820885334,0.0,1.0,0.0,0.0,1.0,0.0,0.0,1.0
629,1.4459660176379374,-0.47072241016576966,-0.47934163551176356,-0.476230259911263,0.0,0.0,1.0,0.0,1.0,0.0,0.0,1.0
630,-0.09263363976681087,-0.47072241016576966,-0.47934163551176356,-0.47542922813724997,0.0,0.0,1.0,0.0,1.0,0.0,0.0,1.0
631,-0.40035357124776055,1.2305687372353877,-0.47934163551176356,-0.16244531801315662,0.0,0.0,1.0,0.0,1.0,0.0,0.0,1.0
632,-0.9388634513394225,-0.47072241016576966,-0.47934163551176356,-0.3964005116251298,0.0,1.0,0.0,1.0,0.0,1.0,0.0,0.0
633,0.6766661889355633,0.3799231635348091,-0.47934163551176356,0.7451333097293302,1.0,0.0,0.0,1.0,0.0,1.0,0.0,0.0
634,-0.09263363976681087,-0.47072241016576966,-0.47934163551176356,-0.4882649920929489,0.0,0.0,1.0,0.0,1.0,1.0,0.0,0.0
635,0.8305261546760382,-0.47072241016576966,-0.47934163551176356,-0.47542922813724997,0.0,0.0,1.0,0.0,1.0,0.0,0.0,1.0
636,-0.5542135369882354,-0.47072241016576966,-0.47934163551176356,-0.45416722609722193,0.0,0.0,1.0,0.0,1.0,0.0,0.0,1.0
637,-2.0928131943929835,-0.47072241016576966,0.7847000107266648,-0.42600595279207704,0.0,0.0,1.0,1.0,0.0,0.0,0.0,1.0
638,-0.09263363976681087,0.3799231635348091,-0.47934163551176356,0.9547783443342981,1.0,0.0,0.0,0.0,1.0,1.0,0.0,0.0
639,-0.8619334684691851,-0.47072241016576966,-0.47934163551176356,-0.47823669046059364,0.0,0.0,1.0,0.0,1.0,0.0,0.0,1.0
640,-0.09263363976681087,-0.47072241016576966,-0.47934163551176356,-0.19373562168553987,0.0,0.0,1.0,0.0,1.0,0.0,0.0,1.0
641,-0.7850034855989476,-0.47072241016576966,-0.47934163551176356,-0.12682251075536644,0.0,1.0,0.0,1.0,0.0,0.0,0.0,1.0
642,-0.09263363976681087,-0.47072241016576966,-0.47934163551176356,-0.4724600190133844,0.0,0.0,1.0,0.0,1.0,0.0,0.0,1.0
643,2.3691258120807865,0.3799231635348091,-0.47934163551176356,0.8215143851614796,1.0,0.0,0.0,1.0,0.0,1.0,0.0,0.0
644,-0.7080735027287102,-0.47072241016576966,-0.47934163551176356,-0.476230259911263,0.0,0.0,1.0,0.0,1.0,0.0,0.0,1.0
645,1.2151760690272253,-0.47072241016576966,-0.47934163551176356,0.056105418406258684,1.0,0.0,0.0,0.0,1.0,0.0,0.0,1.0
646,-0.09263363976681087,-0.47072241016576966,-0.47934163551176356,-0.4724600190133844,0.0,0.0,1.0,1.0,0.0,0.0,0.0,1.0
647,-0.40035357124776055,-0.47072241016576966,-0.47934163551176356,-0.3771449401344324,0.0,1.0,0.0,1.0,0.0,0.0,0.0,1.0
648,-0.09263363976681087,-0.47072241016576966,-0.47934163551176356,-0.47823669046059364,0.0,0.0,1.0,0.0,1.0,0.0,1.0,0.0
649,-0.09263363976681087,0.3799231635348091,-0.47934163551176356,-0.3290060114076889,0.0,0.0,1.0,1.0,0.0,0.0,1.0,0.0
650,0.7535961718058007,0.3799231635348091,5.840866595680379,-0.02524937114193778,0.0,0.0,1.0,0.0,1.0,0.0,0.0,1.0
651,-0.2464936055072857,-0.47072241016576966,-0.47934163551176356,-0.476230259911263,0.0,0.0,1.0,1.0,0.0,0.0,0.0,1.0
652,-0.40035357124776055,1.2305687372353877,0.7847000107266648,-0.10756693926466906,0.0,1.0,0.0,1.0,0.0,0.0,0.0,1.0
653,0.5228062231950885,-0.47072241016576966,-0.47934163551176356,-0.3771449401344324,0.0,1.0,0.0,1.0,0.0,0.0,0.0,1.0
654,0.5997362060653258,-0.47072241016576966,0.7847000107266648,-0.05557689623978614,1.0,0.0,0.0,0.0,1.0,1.0,0.0,0.0
655,-0.09263363976681087,-0.47072241016576966,0.7847000107266648,0.4315890624748576,1.0,0.0,0.0,1.0,0.0,0.0,0.0,1.0
656,-0.09263363976681087,-0.47072241016576966,-0.47934163551176356,-0.42528386886117586,0.0,1.0,0.0,0.0,1.0,0.0,0.0,1.0
657,-0.7850034855989476,-0.47072241016576966,-0.47934163551176356,-0.47542922813724997,0.0,0.0,1.0,0.0,1.0,0.0,0.0,1.0
658,1.0613161032867504,-0.47072241016576966,-0.47934163551176356,-0.5032689333985003,0.0,0.0,1.0,0.0,1.0,0.0,0.0,1.0
659,-0.3234235883775231,0.3799231635348091,-0.47934163551176356,1.1263146774020265,1.0,0.0,0.0,0.0,1.0,1.0,0.0,0.0
660,1.3690360347677,-0.47072241016576966,-0.47934163551176356,-0.45416722609722193,0.0,0.0,1.0,0.0,1.0,0.0,0.0,1.0
661,-1.01579343420966,-0.47072241016576966,-0.47934163551176356,1.0381395644318252,1.0,0.0,0.0,1.0,0.0,0.0,0.0,1.0
662,-2.1828212743511615,0.3799231635348091,0.7847000107266648,-0.2664254040629225,0.0,1.0,0.0,0.0,1.0,0.0,0.0,1.0
663,-0.5542135369882354,-0.47072241016576966,-0.47934163551176356,-0.4902714226422795,0.0,0.0,1.0,0.0,1.0,0.0,0.0,1.0
664,-0.7850034855989476,-0.47072241016576966,-0.47934163551176356,-0.47542922813724997,0.0,0.0,1.0,0.0,1.0,0.0,0.0,1.0
665,-0.09263363976681087,-0.47072241016576966,-0.47934163551176356,-0.3675171543890837,0.0,1.0,0.0,0.0,1.0,0.0,0.0,1.0
666,-1.1696533999501346,2.931859884636545,0.7847000107266648,0.13673812402355398,0.0,0.0,1.0,0.0,1.0,0.0,0.0,1.0
667,0.5228062231950885,-0.47072241016576966,-0.47934163551176356,-0.47542922813724997,0.0,0.0,1.0,0.0,1.0,0.0,0.0,1.0
668,-0.015703656896573447,-0.47072241016576966,-0.47934163551176356,-0.04980022479257691,1.0,0.0,0.0,0.0,1.0,0.0,0.0,1.0
669,0.984386120416513,-0.47072241016576966,-0.47934163551176356,-0.4801622476096634,0.0,0.0,1.0,0.0,1.0,0.0,0.0,1.0
670,-0.09263363976681087,-0.47072241016576966,-0.47934163551176356,0.3738223480027655,1.0,0.0,0.0,0.0,1.0,0.0,0.0,1.0
671,-0.16956362263704827,-0.47072241016576966,-0.47934163551176356,0.8499972265105193,1.0,0.0,0.0,0.0,1.0,1.0,0.0,0.0
672,-0.015703656896573447,-0.47072241016576966,-0.47934163551176356,-0.47823669046059364,0.0,0.0,1.0,0.0,1.0,0.0,1.0,0.0
673,-1.8620232457822714,0.3799231635348091,2.048741656965093,-0.09312526064664603,0.0,1.0,0.0,1.0,0.0,0.0,0.0,1.0
674,-0.5542135369882354,-0.47072241016576966,-0.47934163551176356,-0.4380406849737629,0.0,0.0,1.0,1.0,0.0,0.0,0.0,1.0
675,-0.09263363976681087,-0.47072241016576966,-0.47934163551176356,-0.47823669046059364,0.0,0.0,1.0,0.0,1.0,0.0,1.0,0.0
676,0.061226325973663974,-0.47072241016576966,-0.47934163551176356,-0.3771449401344324,0.0,1.0,0.0,1.0,0.0,0.0,0.0,1.0
677,2.5229857778212614,-0.47072241016576966,-0.47934163551176356,-0.11623194643548287,1.0,0.0,0.0,0.0,1.0,0.0,0.0,1.0
678,0.3689462574546136,-0.47072241016576966,-0.47934163551176356,-0.3771449401344324,0.0,1.0,0.0,0.0,1.0,0.0,0.0,1.0
679,-0.09263363976681087,-0.47072241016576966,-0.47934163551176356,-0.47542922813724997,0.0,0.0,1.0,0.0,1.0,0.0,0.0,1.0
680,-0.09263363976681087,-0.47072241016576966,-0.47934163551176356,-0.47823669046059364,0.0,0.0,1.0,0.0,1.0,0.0,1.0,0.0
681,1.1382460861569879,-0.47072241016576966,0.7847000107266648,-0.3174526685132705,0.0,0.0,1.0,0.0,1.0,0.0,0.0,1.0
682,1.2151760690272253,-0.47072241016576966,-0.47934163551176356,-0.47823669046059364,0.0,0.0,1.0,1.0,0.0,0.0,0.0,1.0
683,-0.7850034855989476,-0.47072241016576966,-0.47934163551176356,-0.3771449401344324,0.0,1.0,0.0,0.0,1.0,0.0,0.0,1.0
684,-0.8619334684691851,-0.47072241016576966,-0.47934163551176356,0.7878171350527592,0.0,1.0,0.0,0.0,1.0,0.0,0.0,1.0
685,0.1381563088439014,-0.47072241016576966,-0.47934163551176356,-0.47775530117332626,0.0,0.0,1.0,0.0,1.0,0.0,0.0,1.0
686,-0.09263363976681087,-0.47072241016576966,-0.47934163551176356,-0.6274673695134984,0.0,1.0,0.0,0.0,1.0,0.0,0.0,1.0
687,-0.6311435198584728,-0.47072241016576966,-0.47934163551176356,-0.48786447620594237,0.0,0.0,1.0,0.0,1.0,0.0,0.0,1.0
688,-0.3234235883775231,-0.47072241016576966,-0.47934163551176356,-0.3771449401344324,0.0,1.0,0.0,0.0,1.0,0.0,0.0,1.0
689,0.21508629171413882,-0.47072241016576966,-0.47934163551176356,-0.4664426529225415,0.0,0.0,1.0,0.0,1.0,0.0,0.0,1.0
690,0.061226325973663974,0.3799231635348091,-0.47934163551176356,-0.1653336537367612,0.0,1.0,0.0,0.0,1.0,1.0,0.0,0.0
691,0.8305261546760382,-0.47072241016576966,-0.47934163551176356,-0.48834586549320974,0.0,0.0,1.0,0.0,1.0,1.0,0.0,0.0
692,0.29201627458437623,-0.47072241016576966,-0.47934163551176356,-0.47542922813724997,0.0,0.0,1.0,0.0,1.0,1.0,0.0,0.0
693,0.5228062231950885,-0.47072241016576966,-0.47934163551176356,-0.483131456733529,0.0,0.0,1.0,0.0,1.0,0.0,0.0,1.0
694,1.3690360347677,0.3799231635348091,0.7847000107266648,0.38449378572291,1.0,0.0,0.0,1.0,0.0,0.0,0.0,1.0
695,0.3689462574546136,0.3799231635348091,-0.47934163551176356,-0.12682251075536644,0.0,1.0,0.0,0.0,1.0,0.0,0.0,1.0
696,-0.7850034855989476,-0.47072241016576966,-0.47934163551176356,-0.4724600190133844,0.0,0.0,1.0,0.0,1.0,0.0,0.0,1.0
697,-0.09263363976681087,-0.47072241016576966,-0.47934163551176356,-0.4724600190133844,0.0,0.0,1.0,0.0,1.0,0.0,0.0,1.0
698,1.5998259833784123,-0.47072241016576966,-0.47934163551176356,-0.42528386886117586,0.0,1.0,0.0,1.0,0.0,0.0,0.0,1.0
699,-0.09263363976681087,1.2305687372353877,-0.47934163551176356,-0.17977533235478424,0.0,0.0,1.0,1.0,0.0,0.0,1.0,0.0
700,-0.09263363976681087,0.3799231635348091,-0.47934163551176356,-0.47823669046059364,0.0,0.0,1.0,0.0,1.0,0.0,1.0,0.0
701,-0.09263363976681087,-0.47072241016576966,-0.47934163551176356,-0.6274673695134984,0.0,1.0,0.0,0.0,1.0,0.0,0.0,1.0
702,-0.09263363976681087,-0.47072241016576966,-0.47934163551176356,-0.4724600190133844,0.0,0.0,1.0,0.0,1.0,0.0,0.0,1.0
703,0.44587624032485107,-0.47072241016576966,-0.47934163551176356,-0.4724600190133844,0.0,0.0,1.0,0.0,1.0,0.0,0.0,1.0
704,0.44587624032485107,-0.47072241016576966,-0.47934163551176356,-0.12682251075536644,0.0,1.0,0.0,0.0,1.0,0.0,0.0,1.0
705,-0.8619334684691851,0.3799231635348091,-0.47934163551176356,3.7536565339074235,1.0,0.0,0.0,1.0,0.0,1.0,0.0,0.0
706,-1.01579343420966,3.7825054583371243,2.048741656965093,0.2756189334002088,0.0,0.0,1.0,1.0,0.0,0.0,0.0,1.0
707,-0.6311435198584728,-0.47072241016576966,-0.47934163551176356,-0.4801622476096634,0.0,0.0,1.0,1.0,0.0,0.0,0.0,1.0
708,-0.09263363976681087,-0.47072241016576966,-0.47934163551176356,-0.030544653301879533,1.0,0.0,0.0,0.0,1.0,0.0,0.0,1.0
709,0.9074561375462755,1.2305687372353877,-0.47934163551176356,-0.3558039902512925,0.0,0.0,1.0,0.0,1.0,0.0,0.0,1.0
710,-1.1696533999501346,0.3799231635348091,2.048741656965093,1.6832012093701876,1.0,0.0,0.0,1.0,0.0,0.0,0.0,1.0
711,-0.6311435198584728,-0.47072241016576966,0.7847000107266648,0.8607476120737754,1.0,0.0,0.0,0.0,1.0,0.0,0.0,1.0
